Workbook

Sheet 表紙
B4: 負荷試験 実施ガイド ｜ 第2.0版
B5: Apache JMeter 負荷試験 実践ガイド
B6: Windows 11 でシナリオ作成 → Linux サーバで CLI 実行 → Excel で分析・報告
B7: Amazon Cognito（OAuth 2.0 client_credentials）＋ Amazon API Gateway（APIキー）対応版
B10: 文書情報
B11: 文書名 | D11: Apache JMeter 負荷試験 実践ガイド
B12: 版数 | D12: 第2.0版
B13: 作成日 | D13: 2026年10月4日
B14: 作成者
B15: 対象読者 | D15: JMeter を初めて使う方（負荷試験の実施担当者）。Linux・AWS・Excel の基本操作ができることを前提とします。
B16: 対象バージョン | D16: Apache JMeter 5.6.3（2026年10月時点の最新安定版）／ Java 17 または 21（LTS）
B17: 対象環境 | D17: シナリオ作成・分析端末：Windows 11 ／ 負荷生成（実行）サーバ：Linux（Amazon Linux 2023・RHEL 系・Ubuntu）
B18: 対象システム | D18: Amazon Cognito ユーザープール（トークンエンドポイント）＋ Amazon API Gateway（REST API・APIキー）
B19: 表記について | D19: JMeter の画面項目名は英語表示で記載しています（JMeter 5.6.3 は既定で英語表示で起動します）。ホスト名・ID・キー・IPアドレス等はすべて説明用のダミー値です。現場の値に読み替えてください。
B21: 改訂履歴
B22: 版 | C22: 日付 | D22: 改訂内容 | H22: 担当
B23: 1.0 | C23: 2026/10/04 | D23: 初版作成
B24: 2.0 | C24: 2026/10/04 | D24: 全面見直し。負荷条件の見積り表（00）、評価区間の分析（15・17・18）、Power Query の M コード（14）、実施記録（19）、完成版 jmx（付録E）を追加。JMeter 5.6.3 での実行検証の結果を反映（結果ファイルの件数の数え方、引用符の中の改行の取り込み）。表の見やすさを改善
B29: ご利用にあたって
B30: ・最初に「目次」シートを開き、「このガイドの使い方」を読んでから、上から順にシートを進めてください。
B31: ・負荷試験は、対象システムの責任者の承認と関係者への事前連絡のうえで実施してください（09_注意点 参照）。
B32: ・クライアントシークレット・APIキー・アクセストークンは、本ブック・画面キャプチャ・報告書に記載しないでください。
B33: ・白地・点線枠のセルは入力欄、破線枠の「画像貼付エリア」はスクリーンショットの貼り付け場所です。

Sheet 目次
B1: 目次 ／ このガイドの使い方
B2: このブックは、JMeter の入手から報告書の提出までを、作業の順番どおりに並べています。上から順に進めてください。 | F2: ▲ 目次へ戻る
B4: 1. このガイドの使い方
B6: ・ | C6: シートは作業の順番に並んでいます。下の「シート一覧」のシート名をクリックすると、そのシートへ移動します。各シート右上の「▲ 目次へ戻る」で、このシートに戻れます。
B7: ・ | C7: 灰色の背景のセルは、コマンド・設定ファイル・スクリプトです。セルを選択して Ctrl+C でコピーし、PowerShell・Linux のターミナル・JMeter の入力欄・メモ帳に貼り付けて使います。
B8: ・ | C8: 複数行のコマンドは、行をまとめて選択してコピーできます。ただし、ターミナルに貼り付けると末尾の改行によってすぐに実行されることがあります。内容を確認してから実行したい場合は、いったんメモ帳に貼り付けて確認してください。
B9: ・ | C9: セルの一部だけをコピーしたい場合は、セルをダブルクリック（または F2 キー）して編集状態にしてから、必要な文字だけを選択してコピーします。
B10: ・ | C10: 「画像貼付エリア」と書かれた破線の枠は、後からスクリーンショットを貼り付けるための場所です。貼り付け方は下の「4. 画像の貼り付け手順」、全体の一覧は「付録D_画像差込一覧」を参照してください。
B11: ・ | C11: 白地で点線枠のセルは入力欄です。現場の情報（担当者名・実施日・目標値など）を記入してください。
B12: ・ | C12: シナリオを作るときは、完成版のシナリオ（付録E_完成版jmx）と見比べながら進めると、設定漏れに気付きやすくなります。
B13: ・ | C13: 負荷試験の当日は、実行ごとの条件と結果を「19_実施記録」に記録します。報告書（18）を書くときの元資料になります。
B14: ・ | C14: 画面の項目名は JMeter の英語表示に合わせ、［ ］で囲んで表記しています（例：［Add］→［Sampler］→［HTTP Request］）。「→」は、メニューを順にたどる操作を表します。
B15: ・ | C15: このブックのフォント（Meiryo UI）では、半角の「\」（バックスラッシュ）が「¥」（円記号）の形で表示されます。コピーして貼り付けると正しく「\」になります。Linux のコマンドや正規表現で「¥」と見えている文字は、すべてバックスラッシュとして入力してください。
B17: 2. 表記・色分けの凡例
B19: 表示 | D19: 意味
B20: 黒い帯の見出し | D20: 章（大きな区切り）の見出しです。
B21: 灰色の帯の見出し | D21: 節（章の中の区切り）の見出しです。
B22: 濃い灰色の表見出し | D22: 表の項目名です。
B23: 薄い灰色のセル | D23: コマンド・設定値・スクリプトです（そのままコピーして使えます）。
B24: 注意 | D24: 守らないと失敗や事故につながる事項です。必ず読んでください。
B25: ポイント | D25: 理解を助けるコツや、迷いやすい点の説明です。
B26: 参考 | D26: 知っておくと役立つ補足情報です。
B27: 白地・点線枠 | D27: 入力欄です。現場の情報を記入します。
B28: 破線枠 | D28: 画像貼付エリアです。スクリーンショットを貼り付けます。
B31: 3. シート一覧（クリックで移動）
B33: No. | C33: シート名 | D33: 内容 | F33: 主な作業場所
B34: 1 | C34: 00_全体像と準備 | D34: 作業の全体の流れ、作業ステップ一覧、事前準備チェックリスト、接続情報の記入表、負荷条件（スレッド数）の見積り表 | F34: ―
B35: 2 | C35: 01_Windows導入 | D35: Java のインストール、JMeter の入手・ハッシュ確認・展開、起動確認、初期設定、Plugins Manager | F35: Windows 端末
B36: 3 | C36: 02_画面の基本 | D36: 画面構成、ツールバー・ショートカット、テスト要素の種類、スコープ、実行順序、変数とプロパティ | F36: Windows 端末
B37: 4 | C37: 03_機能一覧 | D37: 主なテスト要素の用途と追加方法、関数、メニュー機能、プラグインの一覧 | F37: Windows 端末
B38: 5 | C38: 04_シナリオ作成 | D38: Cognito トークン取得、Base64 の作り方、APIキー（X-API-ID）ヘッダー、トークンの保持・共有、API 呼び出し、CSV データ | F38: Windows 端末
B39: 6 | C39: 05_正規表現抽出 | D39: 設定項目の意味、正規表現の組み立て方、記号の一覧、抽出例、RegExp Tester での確認、JSON Extractor との使い分け | F39: Windows 端末
B40: 7 | C40: 06_GUI実行 | D40: 実行前チェック、実行手順、View Results Tree の見方、停止方法、エラー時の切り分け | F40: Windows 端末
B41: 8 | C41: 07_結果の見方 | D41: 主な指標の定義、Summary／Aggregate Report、HTML レポートの構成と生成方法、JTL の列の意味 | F41: Windows 端末
B42: 9 | C42: 08_確認観点 | D42: 確認の流れ、観点一覧（判断の目安と NG 時に疑うこと）、AWS 側で見るメトリクス、判定の考え方 | F42: Windows 端末
B43: 10 | C43: 09_注意点 | D43: 実施前の合意、AWS の制限・課金、セキュリティ、JMeter・ファイル・時刻・Excel・報告の注意点 | F43: ―
B44: 11 | C44: 10_Linux準備 | D44: サーバ要件、SSH 接続（踏み台・鍵の権限）、Java・JMeter の導入、PATH、作業フォルダ、OS 設定、プラグイン | F44: Linux 実行サーバ
... B58: 25 | C58: 付録E_完成版jmx | D58: 04 の手順で作るシナリオの完成形（要素と設定値の一覧、jmx ファイルの全文、ファイルの作り方と確認方法） | F58: Windows 端末
B61: 4. 画像の貼り付け手順（スクリーンショットの差し込み方）
B63: No. | C63: 手順 | D63: 操作内容（詳しい手順） | E63: 入力値・設定値 | F63: 確認ポイント・補足
B64: 1 | C64: 画面を撮影 | D64: 撮影したい画面を表示し、Windows キー＋Shift＋S を押します。画面上部に Snipping Tool のメニューが出るので、［四角形］を選び、撮影したい範囲をドラッグします。 | E64: Windows キー＋Shift＋S | F64: 撮影した画像はクリップボードにコピーされます（画面右下の通知をクリックすると編集画面が開きます）。
B65: 2 | C65: 機密情報を隠す | D65: クライアントシークレット、APIキー、アクセストークン（eyJ… で始まる文字列）、社内のIPアドレス・ホスト名などが写っている場合は、Snipping Tool の編集画面のペンで塗りつぶしてからコピーし直します。 | E65: Snipping Tool の［ボールペン］／［蛍光ペン］ | F65: Excel 上で図形を重ねて隠す方法は使わないでください。図形を動かすと下の情報が見えてしまいます。
B66: 3 | C66: 貼り付け | D66: このブックの「画像貼付エリア」の枠の左上のセルをクリックし、Ctrl＋V を押します。 | E66: Ctrl＋V | F66: 画像は枠の左上を基準に貼り付けられます。
B67: 4 | C67: 大きさを合わせる | D67: 貼り付けた画像の四隅にある丸いハンドルをドラッグして、破線の枠の中に収まる大きさにします。 | E67: 四隅のハンドルをドラッグ | F67: 四隅のハンドルなら縦横比が保たれます（辺の中央のハンドルは画像がゆがむので使わない）。
B68: 5 | C68: 位置を固定 | D68: 画像を右クリック →［サイズとプロパティ］→［プロパティ］→「セルに合わせて移動するがサイズ変更はしない」を選びます。 | E68: セルに合わせて移動するがサイズ変更はしない | F68: 行の高さを変えたときに、画像がずれたり伸びたりしにくくなります。
B69: 6 | C69: 一覧を更新 | D69: 「付録D_画像差込一覧」の該当行の［状態］を「済」に変更します。 | E69: 未 → 済 | F69: 貼り忘れの防止になります。
B70: 7 | C70: 枠が小さい場合 | D70: 画像が枠に収まらない場合は、枠の下の行番号を右クリック →［挿入］で行を増やすか、画像を縮小します。 | F70: 枠の文字は画像で隠れるため、そのままで構いません。

Sheet 00_全体像と準備
B1: 00 全体像と事前準備
B2: このガイドで行う作業の全体の流れと、作業を始める前にそろえておく情報・権限を確認します。 | F2: ▲ 目次へ戻る
B4: 1. このガイドで行う作業
B6: 本ガイドでは、Windows 11 の端末で JMeter のシナリオ（.jmx ファイル）を作成して動作を確認し、そのシナリオを Linux の負荷生成サーバ（以下「実行サーバ」）へ転送して、コマンド（CLI）で負荷試験を実行します。実行結果（.jtl・.log・HTMLレポート）を端末に回収し、Excel で分析して報告書を作成・提出するまでを扱います。
B7: 試験対象は、Amazon Cognito のトークンエンドポイントでアクセストークンを取得し、そのトークンと APIキーをヘッダーに付けて Amazon API Gateway の API を呼び出す、という構成を想定しています。
B8: ポイント | C8: JMeter の画面（GUI）は「シナリオを作る・動作を確かめる」ための道具です。実際に負荷をかける試験は、画面を使わないコマンド実行（CLI モード）で行います。これは JMeter 公式の推奨事項です。
B11: 2. 全体の流れ（どこで何をするか）
B13: No. | C13: Windows 11 端末（作成・分析） | E13: Linux 実行サーバ（負荷生成） | F13: AWS（試験対象）
B14: ① | C14: 【導入】Java と JMeter をインストールする（01）
B15: ② | C15: 【作成】JMeter の画面でシナリオ（.jmx）を作る（04・05）
B16: ③ | C16: 【確認】1ユーザーで実行し、正しく動くことを確かめる（06・07） ――HTTPS――▶ | F16: Cognito がトークンを発行／API Gateway が応答
B17: ④ | C17: 【転送】jmx・CSV・properties を scp で送る（11） ══SSH══▶ | E17: 【配置】作業フォルダに置く（11）
B18: ⑤ | C18: 【記録】実行条件と結果を記録する（19） | E18: 【実行】jmeter -n で負荷試験を実行し、画面で監視する（12） ――HTTPS――▶ | F18: 負荷を受ける（CloudWatch で監視）
B19: ⑥ | E19: 【出力】result.jtl・jmeter.log・HTMLレポートができる（12）
B20: ⑦ | C20: 【回収】結果を scp で受け取り、展開する（13） ◀══SSH══ | E20: 【圧縮】結果フォルダを tar.gz にまとめる（13）
B21: ⑧ | C21: 【分析】Excel に取り込み、集計・グラフ化する（14・15・17）
B22: ⑨ | C22: 【報告】報告書を作成して提出する（08・18）
B24: ※ かっこ内の番号は、詳しい手順が書かれているシートの番号です。
B25: ［ 画像貼付エリア ］ 図00-1 試験環境の構成図（現場の構成図を貼り付け） 撮影対象：Windows 端末・踏み台・実行サーバ・Cognito・API Gateway・バックエンドの位置関係と通信経路（ポート番号）が分かる図 （この枠の左上のセルを選択して Ctrl+V で貼り付け、枠内に収まるようにサイズを調整してください）
B45: 図00-1 試験環境の構成図（現場の構成図を貼り付け）
B48: 通信経路のまとめ
B50: 通信元 | D50: 通信先 | E50: 用途・プロトコル | F50: 備考
B51: Windows 端末 | D51: 実行サーバ（または踏み台） | E51: SSH（TCP 22）：ログイン・ファイル転送（scp） | F51: 秘密鍵（.pem）が必要
B52: Windows 端末 | D52: Cognito・API Gateway | E52: HTTPS（TCP 443）：GUI での動作確認 | F52: 社内プロキシ経由の場合は JMeter にプロキシ設定が必要（01 参照）
B53: 実行サーバ | D53: Cognito・API Gateway | E53: HTTPS（TCP 443）：負荷試験の本番 | F53: セキュリティグループ・WAF で遮断されないこと
B54: 実行サーバ | D54: インターネット（任意） | E54: HTTPS：Java・JMeter のダウンロード | F54: 接続できない場合は端末から転送（10・11 参照）
B57: 3. 作業ステップ一覧
B59: No. | C59: 作業 | D59: 実施場所／主なツール | E59: 成果物 | F59: 参照シート
B60: 1 | C60: Java・JMeter の導入と初期設定 | D60: Windows 端末／ブラウザ・PowerShell | E60: 起動できる JMeter | F60: 01
B61: 2 | C61: 画面の基本操作と機能を理解する | D61: Windows 端末／JMeter（GUI） | E61: ― | F61: 02・03
B62: 3 | C62: シナリオを作成する | D62: Windows 端末／JMeter（GUI） | E62: api_loadtest.jmx、env_stg.properties | F62: 04・05
B63: 4 | C63: 1ユーザーで動作確認する | D63: Windows 端末／JMeter（GUI） | E63: 動作確認結果（画面キャプチャ） | F63: 06・07
B64: 5 | C64: 実行サーバを準備する | D64: Linux 実行サーバ／ssh・dnf（apt） | E64: JMeter 実行環境 | F64: 10
B65: 6 | C65: ファイルを転送・配置する | D65: Windows → Linux／scp・WinSCP | E65: 配置済みのシナリオ一式 | F65: 11
B66: 7 | C66: CLI で負荷試験を実行・監視し、記録する | D66: Linux 実行サーバ／jmeter・tmux | E66: result.jtl、jmeter.log、report/、実施記録 | F66: 00・12・19
B67: 8 | C67: 結果を回収する | D67: Linux → Windows／tar・scp | E67: 結果一式（tar.gz） | F67: 13
B68: 9 | C68: Excel に取り込んで分析する | D68: Windows 端末／Excel（Power Query） | E68: 分析ブック | F68: 14・15・17
B69: 10 | C69: 報告書を作成・提出する | D69: Windows 端末／Excel | E69: 試験結果報告書 | F69: 08・18
B72: 4. 事前準備チェックリスト（作業前に必ず確認）
B74: 次の情報・権限がそろっていないと、途中で作業が止まります。担当者に確認し、［状況］欄をリストから選んでください（未／済／対象外）。
B75: 分類 | D75: 確認項目 | E75: 確認先・入手方法 | F75: 状況
B76: 端末 | D76: Windows 端末にソフトウェア（Java・JMeter）を導入してよいか。管理者権限の有無 | E76: 端末管理者・情報システム部門 | F76: 未
B77: 端末 | D77: Cドライブの空き容量（JMeter 本体約 120MB＋Java 約 300MB＋結果ファイル） | E77: エクスプローラーの［PC］で確認 | F77: 未
B78: ネットワーク | D78: 端末からインターネット（jmeter.apache.org 等）へ接続できるか。プロキシの有無とアドレス・ポート | E78: ネットワーク管理者 | F78: 未
B79: ネットワーク | D79: 端末から試験対象（Cognito・API Gateway）へ HTTPS で接続できるか | E79: ネットワーク管理者・基盤担当 | F79: 未
B80: 実行サーバ | D80: ホスト名／IPアドレス、OS の種類、CPU・メモリ、ディスクの空き容量 | E80: インフラ担当 | F80: 未
B81: 実行サーバ | D81: SSH のユーザー名、秘密鍵（.pem）、踏み台サーバの有無と接続情報 | E81: インフラ担当 | F81: 未
B82: 実行サーバ | D82: sudo 権限の有無、インターネット接続の可否（Java・JMeter のダウンロード） | E82: インフラ担当 | F82: 未
B83: Cognito | D83: トークンエンドポイントのドメイン（例：xxx.auth.ap-northeast-1.amazoncognito.com） | E83: 開発・基盤担当 | F83: 未
B84: Cognito | D84: アプリクライアントの ID とクライアントシークレット（client_credentials が許可されているか） | E84: 開発・基盤担当（安全な方法で受け取る） | F84: 未
B85: Cognito | D85: 要求するスコープ（例：example-api/read）、アクセストークンの有効期限 | E85: 開発・基盤担当 | F85: 未
B86: API Gateway | D86: 呼び出す URL（ホスト・ステージ・パス）、メソッド、リクエスト例、成功時のステータスコード | E86: API 仕様書・開発担当 | F86: 未
... B93: データ | D93: 試験用データ（ID 一覧の CSV など）と、試験で登録されたデータの後始末の方法 | E93: 開発担当 | F93: 未
B96: 5. 接続情報の記入表（properties ファイルの元ネタ）
B98: ここに記入した値を、04_シナリオ作成 で作る接続情報ファイル（env_stg.properties）に転記します。左端の「プロパティ名」は、ファイルに書く名前そのものです。
B99: 注意 | C99: client.secret（クライアントシークレット）と api.key（APIキー）は、このブックに記入しないでください。このブックは報告書と一緒に共有される可能性があります。シークレットは、会社が許可したパスワード管理ツールなど安全な場所で管理し、properties ファイルにだけ記入します。
B101: プロパティ名 | D101: 内容 | E101: 記入欄 | F101: 記入例（ダミー）
B102: cognito.host | D102: Cognito のドメイン（https:// と /oauth2/token は含めない） | F102: example-auth.auth.ap-northeast-1.amazoncognito.com
B103: scope | D103: 要求するスコープ（複数ある場合は半角スペース区切り） | F103: example-api/read
B104: client.id | D104: アプリクライアント ID | F104: 1example23456789
B105: client.secret | D105: クライアントシークレット | E105: 記入禁止（安全な場所で管理） | F105: ―
B106: api.host | D106: API Gateway のホスト名（https:// とパスは含めない） | F106: abcde12345.execute-api.ap-northeast-1.amazonaws.com
B107: api.stage | D107: ステージ名（URL のパスの先頭部分） | F107: stg
B108: api.key | D108: APIキーの値 | E108: 記入禁止（安全な場所で管理） | F108: ―
B109: threads | D109: 同時スレッド数（仮想ユーザー数）。本番値は実行時に指定 | F109: 20
B110: rampup | D110: 全スレッドが起動し終わるまでの秒数 | F110: 60
B111: duration | D111: 試験時間（秒） | F111: 600
B112: loops | D112: 各スレッドの繰り返し回数（-1 = 回数制限なし） | F112: -1
B115: 6. 負荷条件の決め方（スレッド数・Ramp-up・試験時間の見積り）
B117: 負荷試験で指定する「スレッド数（同時ユーザー数）・Ramp-up・試験時間」は、目標のスループット（1秒あたりの処理件数）から逆算して決めます。考え方は次のとおりです（待ち行列の理論の「リトルの法則」）。
B118: ポイント | C118: 必要なスレッド数 ＝ 目標スループット（件/秒）×｛平均応答時間（秒）＋ 思考時間（秒）｝。1つのスレッドは「応答を待つ時間＋思考時間」に1件しかリクエストを送れないため、目標の件数を出すには、その時間の分だけスレッドを並べる必要があります。例：目標 4 件/秒、応答 0.25 秒＋思考 2 秒 ＝ 2.25 秒なら、4 × 2.25 ＝ 9 スレッド。
B120: 下の表の白地・点線枠のセル（【入力】）に値を入れると、灰色のセル（【計算】）が自動で計算されます。最初に入っている値は、16～18 の分析サンプルと同じ条件（10 スレッド・Ramp-up 60 秒・試験時間 600 秒・評価区間 60～540 秒）になる例です。
B121: 項目 | D121: 値 | E121: 説明・使い方
B122: 【入力】目標スループット（業務 API の合計） | D122: 4 | E122: 試験計画で合意した目標値。例：ピーク時に 1 秒あたり 4 件の API 呼び出しがある想定。
B123: 【入力】平均応答時間（1リクエストあたり） | D123: 250 | E123: GUI での動作確認（06）や過去の試験結果の平均値。分からない場合は 500 程度で仮置きし、1回目の試験の結果を見て見直します。
B124: 【入力】思考時間（1リクエストあたりの平均） | D124: 2000 | E124: 本ガイドの Uniform Random Timer（1,000ms ＋ 0～2,000ms のランダム）の平均は 2,000ms です（04 ステップ12）。
B125: 【入力】余裕率 | D125: 0.1 | E125: 見積りの誤差に備えて上乗せする割合です（10～20% 程度）。
B126: 【入力】定常状態で評価したい時間 | D126: 480 | E126: 負荷が一定になった状態を測る時間です。8～10 分（480～600 秒）程度が一般的です。耐久試験では数時間にします。
B127: 【計算】1リクエストあたりの所要時間 | D127: =($D$123+$D$124)/1000 -> 2.25 | E127: 平均応答時間 ＋ 思考時間（秒に換算）。1つのスレッドがこの時間ごとに1件を送ります。
B128: 【計算】1スレッドが出せるスループット | D128: =IF($D$127=0,0,1/$D$127) -> 0.44444444 | E128: 1 ÷ 所要時間。
B129: 【計算】必要スレッド数（理論値） | D129: =$D$122*$D$127 -> 9 | E129: 目標スループット × 所要時間（リトルの法則）。
B130: 【計算】推奨スレッド数（余裕込み・切り上げ） | D130: =ROUNDUP($D$129*(1+$D$125),0) -> 10 | E130: -Jthreads（12 の run_test.sh の3番目の引数）に指定する値です。
B131: 【計算】Ramp-up の目安 | D131: =MAX(60,$D$130*3) -> 60 | E131: スレッド数 × 3 秒（最低 60 秒）。全スレッドを少しずつ起動して、急な負荷の山を避けます。-Jrampup（4番目の引数）に指定します。
B132: 【計算】試験時間（Duration）の目安 | D132: =$D$131+$D$126+60 -> 600 | E132: Ramp-up ＋ 定常状態 ＋ 終了前の 60 秒（評価から除く余白）。-Jduration（5番目の引数）に指定します。
B133: 【計算】評価区間（試験開始からの秒） | D133: =$D$131&" 秒 ～ "&($D$131+$D$126)&" 秒" -> 60 秒 ～ 540 秒 | E133: Ramp-up 中と終了前の 1 分を除いた区間です。17_分析サンプル の「評価区間」に入力します。
B134: 【計算】総リクエスト数の見込み（多めの概算） | D134: =$D$122*$D$132 -> 2400 | E134: API Gateway の使用量プランのクォータ（1日の上限など）を超えないか確認します（09 の No.4）。
B135: 【計算】結果ファイル（JTL）の大きさの見込み | D135: =$D$134*200/1024/1024 -> 0.45776367 | E135: 1件あたり約 200 バイトで計算。実行サーバのディスクの空きと比べます。
B136: 【計算】実行コマンド（12 の run_test.sh） | D136: ="./run_test.sh api_loadtest stg "&$D$130&" "&$D$131&" "&$D$132 -> ./run_test.sh api_loadtest stg 10 60 600 | E136: このセルをコピーして、実行サーバの ~/jmeter-work/scripts で実行できます（12 の 5章）。
B138: 注意 | C138: 目標スループットが API Gateway の使用量プランのレート（1秒あたりの上限）やバースト値を超えていると、429 Too Many Requests で試験が無効になります。事前に上限値を確認し（00 の4章）、超える場合は試験用の上限の引き上げを依頼してください。
B140: 参考 | C140: 見積りはあくまで出発点です。実際の試験では、スレッド数を段階的に増やして（12 の 11章）、スループットが目標に届くか、応答時間がどこから悪化するかを確認します。スレッド数を増やしてもスループットが伸びなくなった点が、そのシステムの限界の目安です。

Sheet 01_Windows導入
B1: 01 Java・JMeter の入手とインストール（Windows 11）
B2: Windows 11 の端末に Java と JMeter を導入し、起動を確認して初期設定を行います。所要時間の目安は 30～60 分です。 | F2: ▲ 目次へ戻る
B4: 1. 導入の全体像
B6: ① | C6: Java（JDK）をインストールする（JMeter は Java で動くため必須）
B7: ② | C7: JMeter（apache-jmeter-5.6.3.zip）を公式サイトからダウンロードする
B8: ③ | C8: ダウンロードしたファイルが壊れていないか、ハッシュ値で確認する
B9: ④ | C9: C:\jmeter に展開し、作業用フォルダ C:\work\jmeter を作る
B10: ⑤ | C10: JMeter を起動して画面が表示されることを確認する
B11: ⑥ | C11: 初期設定（見た目・設定ファイル・プロキシ）を行う
B12: ⑦ | C12: 必要な場合のみ Plugins Manager（拡張機能の管理ツール）を導入する
B14: 用意するもの
B16: 名称 | D16: 用途 | F16: 入手先・備考
B17: Java（JDK）17 または 21 | D17: JMeter を動かすために必須。JMeter 5.6.3 は Java 8 以上で動作するが、長期サポート（LTS）版の 17 または 21 を推奨。実行サーバと同じメジャーバージョンにそろえる。 | F17: Eclipse Temurin（https://adoptium.net/）、Amazon Corretto（https://aws.amazon.com/corretto/）など
B18: Apache JMeter 5.6.3（zip） | D18: JMeter 本体 | F18: https://jmeter.apache.org/download_jmeter.cgi
B19: 作業フォルダ | D19: シナリオ・設定・結果の置き場所 | F19: C:\work\jmeter（本ガイドの例）
B20: テキストエディタ | D20: 設定ファイル（.properties）や起動用ファイル（.bat）の編集 | F20: メモ帳、または Visual Studio Code
B22: 注意 | C22: Oracle 社の JDK（Oracle JDK）は、利用条件によって有償ライセンスが必要になる場合があります。会社の規定を確認し、特に指定がなければ無償で使える OpenJDK 系（Eclipse Temurin、Amazon Corretto など）を使用してください。
B25: 2. Java のインストール
B28: 2-1. Java が入っているか確認する
B30: No. | C30: 手順 | D30: 操作内容（詳しい手順） | E30: 入力値・設定値 | F30: 確認ポイント・補足
B31: 1 | C31: PowerShell を開く | D31: スタートボタンを右クリックし、［ターミナル］（または［Windows PowerShell］）をクリックします。 | F31: 文字を入力できる画面（PowerShell）が開きます。
B32: 2 | C32: バージョンを確認 | D32: 下のコマンドを入力して Enter キーを押します。 | E32: java -version | F32: 「openjdk version "21.0.x"」のように表示されれば導入済みです。17 以上なら 2-4 に進みます。
B33: 3 | C33: 未導入の場合 | D33: 「java : 用語 'java' は、コマンドレット、関数、スクリプト ファイル、または操作可能なプログラムの名前として認識されません。」と表示されたら、Java は入っていません。 | F33: 2-2 に進みます。
C35: ▼ 表示例（バージョン番号は環境により異なります）
C36: PS C:\Users\user> java -version
C37: openjdk version "21.0.8" 2025-07-15 LTS
C38: OpenJDK Runtime Environment Temurin-21.0.8+9 (build 21.0.8+9-LTS)
C39: OpenJDK 64-Bit Server VM Temurin-21.0.8+9 (build 21.0.8+9-LTS, mixed mode, sharing)
B41: ［ 画像貼付エリア ］ 図01-1 java -version の実行結果 撮影対象：PowerShell で java -version を実行した画面 （この枠の左上のセルを選択して Ctrl+V で貼り付け、枠内に収まるようにサイズを調整してください）
B53: 図01-1 java -version の実行結果
B56: 2-2. Java（Eclipse Temurin）をダウンロードする
B58: No. | C58: 手順 | D58: 操作内容（詳しい手順） | E58: 入力値・設定値 | F58: 確認ポイント・補足
B59: 1 | C59: 配布ページを開く | D59: ブラウザで Eclipse Temurin のリリース一覧ページを開きます。 | E59: https://adoptium.net/temurin/releases/ | F59: Amazon Corretto を使う場合は https://aws.amazon.com/corretto/ から同様に入手します。
B60: 2 | C60: 条件を選ぶ | D60: 絞り込み条件を次のように選びます：Operating System＝Windows、Architecture＝x64、Package Type＝JDK、Version＝21 - LTS（または 17 - LTS）。 | E60: Windows ／ x64 ／ JDK ／ 21 - LTS | F60: サイトの画面構成は変更されることがあります。項目名が違う場合も、同じ意味の項目を選んでください。
B61: 3 | C61: ダウンロード | D61: 一覧に表示された「.msi」のファイルをクリックしてダウンロードします。 | E61: 例：OpenJDK21U-jdk_x64_windows_hotspot_21.0.x_x.msi | F61: 管理者権限がない場合は .zip を選び、2-5 の手順で導入します。
B64: 2-3. インストールする
B66: No. | C66: 手順 | D66: 操作内容（詳しい手順） | E66: 入力値・設定値 | F66: 確認ポイント・補足
B67: 1 | C67: インストーラーを起動 | D67: ダウンロードした .msi ファイルをダブルクリックします。
B68: 2 | C68: 画面を進める | D68: ［Next］で進み、使用許諾の画面では内容を確認して同意します。 | E68: ［Next］
B69: 3 | C69: JAVA_HOME を有効にする | D69: 「Custom Setup」画面で「Set JAVA_HOME variable」の左のアイコンをクリックし、「Will be installed on local hard drive」を選びます。 | E69: Set JAVA_HOME variable ＝ Will be installed on local hard drive | F69: 既定では無効になっているため、必ず有効にします。「Add to PATH」は最初から有効です。
B70: 4 | C70: インストール | D70: ［Next］→［Install］をクリックします。「ユーザー アカウント制御」の画面が出たら［はい］をクリックします。 | E70: ［Install］→［はい］ | F70: 管理者権限が必要です。
B71: 5 | C71: 完了 | D71: ［Finish］をクリックします。 | E71: ［Finish］
B73: ［ 画像貼付エリア ］ 図01-2 Temurin インストーラーの Custom Setup 画面 撮影対象：「Set JAVA_HOME variable」を「Will be installed on local hard drive」にした状態 （この枠の左上のセルを選択して Ctrl+V で貼り付け、枠内に収まるようにサイズを調整してください）
B91: 図01-2 Temurin インストーラーの Custom Setup 画面
B94: 2-4. インストール結果を確認する
B96: PowerShell を「新しく」開き直してから、次のコマンドを実行します（開いたままの PowerShell には、新しい設定が反映されません）。
C97: ▼ PowerShell
C98: java -version
C99: $env:JAVA_HOME
C100: where.exe java
B102: コマンド | D102: 期待する結果 | F102: うまくいかない場合
B103: java -version | D103: インストールした版（例：21.0.x）が表示される | F103: 古い版が表示される場合は、where.exe java の結果を確認します。
B104: $env:JAVA_HOME | D104: インストール先のフォルダ（例：C:\Program Files\Eclipse Adoptium\jdk-21.0.x-hotspot\）が表示される | F104: 何も表示されない場合は、2-3 の手順3（JAVA_HOME の有効化）を確認します。
B105: where.exe java | D105: java.exe の場所が一覧表示される。一番上が今回入れた Java であること | F105: 一番上に別の Java（例：C:\Program Files\Common Files\Oracle\Java\javapath\java.exe）がある場合、そちらが優先されます。
B107: 参考 | C107: PowerShell では「where」が別の命令の短縮名になっているため、java の場所を調べるときは「where.exe」と入力します。
B110: 2-5. 管理者権限がない場合（zip 版を手動で設定）
B112: No. | C112: 手順 | D112: 操作内容（詳しい手順） | E112: 入力値・設定値 | F112: 確認ポイント・補足
B113: 1 | C113: zip を展開 | D113: 2-2 で Package Type＝JDK の「.zip」をダウンロードし、C:\java に展開します。 | E113: C:\java\jdk-21.0.8+9（例） | F113: フォルダ名は展開したものに合わせます。
B114: 2 | C114: 環境変数の画面を開く | D114: Windows キー＋R を押し、下の文字を入力して Enter を押します。 | E114: rundll32.exe sysdm.cpl,EditEnvironmentVariables | F114: 「環境変数」の画面が開きます（管理者権限は不要です）。
B115: 3 | C115: JAVA_HOME を作る | D115: 上側の「ユーザー環境変数」の［新規］をクリックし、変数名と変数値を入力して［OK］。 | E115: 変数名：JAVA_HOME 変数値：C:\java\jdk-21.0.8+9
B116: 4 | C116: Path に追加 | D116: 「ユーザー環境変数」の［Path］を選んで［編集］→［新規］→ 下の値を入力 →［OK］→［OK］。 | E116: %JAVA_HOME%\bin
B117: 5 | C117: 確認 | D117: PowerShell を開き直し、2-4 のコマンドで確認します。 | F117: システム側の Path に別の Java があると、そちらが優先されます（Path はシステム → ユーザーの順に検索されるため）。その場合は管理者に相談してください。
B120: 3. JMeter の入手
B123: 3-1. ダウンロードする
B125: No. | C125: 手順 | D125: 操作内容（詳しい手順） | E125: 入力値・設定値 | F125: 確認ポイント・補足
B126: 1 | C126: ダウンロードページを開く | D126: ブラウザで JMeter の公式ダウンロードページを開きます。 | E126: https://jmeter.apache.org/download_jmeter.cgi | F126: 必ず公式サイト（apache.org）から入手します。
B127: 2 | C127: zip をダウンロード | D127: 「Binaries」欄にある apache-jmeter-5.6.3.zip をクリックします。 | E127: apache-jmeter-5.6.3.zip | F127: 「Source」欄（ソースコード）は使いません。Windows は .zip、Linux は .tgz を使います。
B128: 3 | C128: ハッシュ値ファイルを保存 | D128: 同じ行の［sha512］を右クリック →［名前を付けてリンク先を保存］で保存します。 | E128: apache-jmeter-5.6.3.zip.sha512 | F128: ブラウザで開いてしまった場合は、表示された内容をメモ帳に貼り付け、同じ名前で「ダウンロード」フォルダに保存します。
B129: 4 | C129: 保存場所を確認 | D129: 2つのファイルが「ダウンロード」フォルダにあることを確認します。
B131: ［ 画像貼付エリア ］ 図01-3 JMeter 公式ダウンロードページ 撮影対象：Binaries 欄の apache-jmeter-5.6.3.zip と sha512 リンクの部分 （この枠の左上のセルを選択して Ctrl+V で貼り付け、枠内に収まるようにサイズを調整してください）
B149: 図01-3 JMeter 公式ダウンロードページ
B151: 参考 | C151: 新しい版が公開された場合は、原則として最新版を使います。ただし、端末と実行サーバの JMeter は必ず同じ版にそろえてください。過去の版は https://archive.apache.org/dist/jmeter/binaries/ から入手できます。
B154: 3-2. ファイルが正しいか確認する（ハッシュ値の照合）
B156: ダウンロードしたファイルが途中で壊れていないこと、改ざんされていないことを確認します。PowerShell で次の4行を1行ずつ実行します。
C157: ▼ PowerShell（「ダウンロード」フォルダで実行）
C158: cd $env:USERPROFILE\Downloads
C159: $expected = ((Get-Content .\apache-jmeter-5.6.3.zip.sha512 -Raw).Trim() -split '\s+')[0]
C160: $actual = (Get-FileHash .\apache-jmeter-5.6.3.zip -Algorithm SHA512).Hash
C161: if ($actual -eq $expected) { "OK：ハッシュ値が一致しました" } else { "NG：一致しません。再ダウンロードしてください" }
B163: 結果 | D163: 意味と対応
B164: OK：ハッシュ値が一致しました | D164: 正しいファイルです。3-3 に進みます。
B165: NG：一致しません。再ダウンロードしてください | D165: ダウンロードが途中で失敗した可能性があります。zip と sha512 を削除して、もう一度ダウンロードします。
B167: 参考 | C167: apache-jmeter-5.6.3.zip の公式の SHA512 値は「387fadca903ee0aa30e3f2115fdfedb3898b102e6b9fe7cc3942703094bd2e65b235df2b0c6d0d3248e74c9a7950a36e42625fd74425368342c12e40b0163076」です（.sha512 ファイルの先頭128文字）。コマンドプロンプトでは certutil -hashfile apache-jmeter-5.6.3.zip SHA512 でも計算できます。
B169: ［ 画像貼付エリア ］ 図01-4 ハッシュ値の照合結果 撮影対象：PowerShell に「OK：ハッシュ値が一致しました」と表示された画面 （この枠の左上のセルを選択して Ctrl+V で貼り付け、枠内に収まるようにサイズを調整してください）
B179: 図01-4 ハッシュ値の照合結果
B182: 3-3. ブロックを解除する
B184: No. | C184: 手順 | D184: 操作内容（詳しい手順） | E184: 入力値・設定値 | F184: 確認ポイント・補足
B185: 1 | C185: プロパティを開く | D185: apache-jmeter-5.6.3.zip を右クリック →［プロパティ］をクリックします。
B186: 2 | C186: 許可する | D186: ［全般］タブの下部「セキュリティ：このファイルは他のコンピューターから取得したものです。…」の［許可する］にチェックを入れ、［OK］をクリックします。 | E186: ［許可する］にチェック | F186: この表示がない場合は、何もしなくて構いません。
C188: ▼ PowerShell で行う場合（上の手順と同じ効果）
C189: Unblock-File $env:USERPROFILE\Downloads\apache-jmeter-5.6.3.zip
B191: ポイント | C191: インターネットから入手したファイルには「ブロック」の印が付きます。展開前に解除しておくと、展開後のファイルに印が引き継がれず、起動時の警告（SmartScreen）などを防げます。
B194: 4. 展開と配置
B196: No. | C196: 手順 | D196: 操作内容（詳しい手順） | E196: 入力値・設定値 | F196: 確認ポイント・補足
B197: 1 | C197: 配置先フォルダを作る | D197: エクスプローラーで C ドライブを開き、「jmeter」という名前のフォルダを作ります。 | E197: C:\jmeter | F197: パスに空白や日本語を含めないことが重要です。
B198: 2 | C198: zip を展開 | D198: zip を右クリック →［すべて展開］→ 展開先に「C:\jmeter」と入力 →［展開］をクリックします。 | E198: 展開先：C:\jmeter
B199: 3 | C199: 展開結果を確認 | D199: C:\jmeter\apache-jmeter-5.6.3\bin の中に jmeter.bat があることを確認します。 | E199: C:\jmeter\apache-jmeter-5.6.3\bin\jmeter.bat | F199: 「C:\jmeter\apache-jmeter-5.6.3\apache-jmeter-5.6.3」のように二重になった場合は、内側のフォルダを C:\jmeter の直下に移動します。
C201: ▼ PowerShell で行う場合（最後に True と表示されれば成功）
C202: New-Item -ItemType Directory -Force C:\jmeter | Out-Null
C203: tar -xf $env:USERPROFILE\Downloads\apache-jmeter-5.6.3.zip -C C:\jmeter
...

Sheet 02_画面の基本
B1: 02 JMeter の画面と基本操作
B2: シナリオ作成の前に、画面の構成、テスト要素の種類、適用範囲（スコープ）と実行順序のルールを理解します。 | F2: ▲ 目次へ戻る
B4: 1. 画面の構成
B6: ［ 画像貼付エリア ］ 図02-1 JMeter のメイン画面（各部の名称） 撮影対象：JMeter の画面全体。下表の①～⑤の位置に番号を書き入れると分かりやすい （この枠の左上のセルを選択して Ctrl+V で貼り付け、枠内に収まるようにサイズを調整してください）
B30: 図02-1 JMeter のメイン画面（各部の名称）
B32: 番号 | C32: 名称 | D32: 説明
B33: ① | C33: メニューバー | D33: ［File］［Edit］［Search］［Run］［Options］［Tools］［Help］のメニューです。
B34: ② | C34: ツールバー | D34: よく使う操作（新規作成・保存・実行開始・停止・結果のクリアなど）のボタンです。
B35: ③ | C35: ツリー（テスト計画） | D35: シナリオの構造です。要素を右クリックして、子要素の追加・削除・移動を行います。
B36: ④ | C36: 設定パネル | D36: ツリーで選んだ要素の設定画面です。Name（名前）や各種設定値を入力します。
B37: ⑤ | C37: 実行状況（右上） | D37: 実行中は経過時間、警告アイコン（ログのエラー件数）、「実行中のスレッド数／全スレッド数」が表示されます。
B40: 2. よく使う操作とショートカット
B42: 操作 | D42: メニュー／ボタン | E42: ショートカット | F42: 説明
B43: 保存 | D43: ［File］→［Save］ | E43: Ctrl＋S | F43: 初回は［Save Test Plan as］で保存先とファイル名を指定します。
B44: 開く | D44: ［File］→［Open］ | E44: Ctrl＋O | F44: 既存の .jmx を開きます。
B45: 実行開始 | D45: ［Run］→［Start］（緑の ▶） | E45: Ctrl＋R | F45: シナリオを実行します（タイマーの待ち時間も含む）。
B46: 待ち時間なしで実行 | D46: ［Run］→［Start no pauses］ | E46: Ctrl＋Shift＋N | F46: タイマーを無視して実行します。動作確認を素早く行いたいとき。
B47: 停止（即時） | D47: ［Run］→［Stop］（赤の ■） | E47: Ctrl＋.（ピリオド） | F47: 実行中のリクエストも中断してすぐに止めます。
B48: 停止（終了処理付き） | D48: ［Run］→［Shutdown］ | E48: Ctrl＋,（カンマ） | F48: 新しいリクエストを止め、実行中のリクエストが終わるのを待って止めます。
B49: 結果のクリア | D49: ［Run］→［Clear］ | E49: Ctrl＋Shift＋E | F49: 選択中のリスナーの結果を消します。
B50: 全結果のクリア | D50: ［Run］→［Clear All］ | E50: Ctrl＋E | F50: すべてのリスナーの結果を消します。再実行の前に行います。
B51: 有効／無効の切替 | D51: 右クリック →［Toggle］ | E51: Ctrl＋T | F51: 要素を一時的に無効にします（グレー表示になり実行されない）。
B52: 複製 | D52: 右クリック →［Duplicate］ | E52: Ctrl＋Shift＋C | F52: 選択した要素を、子要素ごとすぐ下に複製します。
B53: 検索 | D53: ［Search］→［Search］ | E53: Ctrl＋F | F53: 要素名や設定値を検索します。
B54: 関数ヘルパー | D54: ［Tools］→［Function Helper Dialog］ | E54: Ctrl＋Shift＋F1 | F54: 関数（${__P(…)} など）の書き方を確認・テストできます。
B56: 参考 | C56: ツリーで要素を選んだ状態で Ctrl＋数字キーを押すと、よく使う要素をすぐに子要素として追加できます（Ctrl＋0：Thread Group、Ctrl＋1：HTTP Request、Ctrl＋2：Regular Expression Extractor、Ctrl＋3：Response Assertion、Ctrl＋4：Constant Timer、Ctrl＋6：JSR223 PostProcessor、Ctrl＋7：JSR223 PreProcessor、Ctrl＋8：Debug Sampler、Ctrl＋9：View Results Tree）。
B59: 3. テスト要素の種類
B61: JMeter のシナリオは、次の種類の「テスト要素」をツリー状に組み合わせて作ります。要素は、親にしたい要素を右クリック →［Add］→ 種類 → 要素名 の順で追加します。
B62: 種類（英語表示） | D62: 役割（ひとことで） | E62: 代表的な要素 | F62: 主な置き場所
B63: Test Plan | D63: シナリオ全体の入れ物。共通の変数も定義できる | E63: Test Plan | F63: ツリーの一番上（1つだけ）
B64: Threads (Users) | D64: 仮想ユーザー（スレッド）の人数・起動のしかた・繰り返し回数を決める | E64: Thread Group、setUp Thread Group、tearDown Thread Group | F64: Test Plan の直下
B65: Sampler | D65: 実際にリクエストを送る | E65: HTTP Request、Debug Sampler、JSR223 Sampler、Flow Control Action | F65: スレッドグループや Logic Controller の下
B66: Logic Controller | D66: サンプラーの実行順・回数・条件を制御する | E66: Transaction Controller、If Controller、Loop Controller、Once Only Controller | F66: スレッドグループの下
B67: Config Element | D67: 共通の設定・ヘッダー・試験データ・変数を与える | E67: HTTP Request Defaults、HTTP Header Manager、CSV Data Set Config、User Defined Variables | F67: 適用したい範囲の階層
B68: Pre Processors | D68: サンプラーの実行直前に処理する（値の生成など） | E68: JSR223 PreProcessor、User Parameters | F68: 対象サンプラーの子
B69: Post Processors | D69: サンプラーの実行直後に処理する（レスポンスから値を取り出すなど） | E69: Regular Expression Extractor、JSON Extractor、JSR223 PostProcessor | F69: 対象サンプラーの子
B70: Assertions | D70: レスポンスが正しいか検証する（NG ならエラーとして記録） | E70: Response Assertion、JSON Assertion、Duration Assertion | F70: 対象サンプラーの子
B71: Timer | D71: リクエストの前に待ち時間（思考時間）を入れる | E71: Constant Timer、Uniform Random Timer、Constant Throughput Timer | F71: 適用したい範囲の階層
B72: Listener | D72: 結果を表示・保存する | E72: View Results Tree、Summary Report、Aggregate Report | F72: Test Plan の直下（全体を対象）
B75: 4. 適用範囲（スコープ）のルール
B77: 設定要素・タイマー・前処理・後処理・アサーションは、「置いた階層」と「その配下」にあるサンプラーに適用されます。どこに置くかで効き方が変わるため、次の例で確認してください。
C78: ▼ スコープの例
C79: Thread Group
C80: ├─ HTTP Header Manager（A） … このスレッドグループ内の全リクエストに適用
C81: ├─ Uniform Random Timer（T） … 下の2つのリクエストの「それぞれ」の直前で待つ
C82: ├─ HTTP Request 1
C83: │ └─ Response Assertion（X） … HTTP Request 1 だけに適用
C84: └─ HTTP Request 2
C85: └─ HTTP Header Manager（B） … HTTP Request 2 だけに適用（A と合成される）
B87: ・ | C87: サンプラーの「子」に置いた要素は、そのサンプラーだけに適用されます（例：X は Request 1 だけ）。
B88: ・ | C88: スレッドグループの直下に置いた要素は、その中のすべてのサンプラーに適用されます（例：A は Request 1 と 2 の両方）。
B89: ・ | C89: HTTP Header Manager が複数ある場合は合成されます。同じヘッダー名がある場合は、サンプラーに近い（内側の）方の値が使われます。
B90: ・ | C90: タイマーは、適用範囲内の「各」サンプラーの直前で毎回動きます。上の例ではリクエストが2つあるため、1周で2回待ちます。
B91: ・ | C91: 同じ種類の後処理（Post Processors）が複数ある場合は、ツリーの上から順に実行されます（「値を取り出す」→「取り出した値を使う」の順に並べる）。
B93: 5. 1回のリクエストでの実行順序
B95: 順番 | D95: 処理 | F95: 本ガイドでの例
B96: 1 | D96: Config Element（設定要素）を適用 | F96: HTTP Request Defaults のホスト名、HTTP Header Manager のヘッダー
B97: 2 | D97: Pre Processors（前処理）を実行 | F97: JSR223 PreProcessor で Base64 の値を作る
B98: 3 | D98: Timer（タイマー）で待つ | F98: Uniform Random Timer で 1～3 秒待つ
B99: 4 | D99: Sampler（リクエスト送信と応答の受信） | F99: HTTP Request で API を呼び出す
B100: 5 | D100: Post Processors（後処理）を実行 | F100: Regular Expression Extractor でアクセストークンを取り出す
B101: 6 | D101: Assertions（検証）を実行 | F101: Response Assertion でステータスコード 200 を確認
B102: 7 | D102: Listener（結果の記録） | F102: View Results Tree・Summary Report に結果を表示
B104: ポイント | C104: 「待つのはリクエストの前」「値の取り出し（後処理）は検証（アサーション）より先」という順番を覚えておくと、シナリオの組み立てで迷いません。
B107: 6. 基本操作
B109: 操作 | D109: 手順
B110: 要素の追加 | D110: 親にしたい要素を右クリック →［Add］→ 種類 → 要素名
B111: 名前の変更 | D111: 設定パネル上部の［Name］欄を書き換えます（ツリーの表示も変わります）。
B112: 移動 | D112: ツリー上でドラッグ＆ドロップします。離すときに［Insert Before］（前に挿入）／［Insert After］（後に挿入）／［Add as Child］（子として追加）を選びます。
B113: コピー・貼り付け | D113: 右クリック →［Copy］／［Paste］（Ctrl＋C／Ctrl＋V）。貼り付けると、選択中の要素の子になります。
B114: 一時的な無効化 | D114: 右クリック →［Toggle］（Ctrl＋T）。無効な要素はグレー表示になり、実行されません。
B115: 削除 | D115: 右クリック →［Remove］（Delete キー）
B116: 保存 | D116: 初回は［File］→［Save Test Plan as］。以降は Ctrl＋S でこまめに保存します。
B117: コメント | D117: 各要素の［Comments］欄に設定の意図を書いておくと、引き継ぎや見直しが楽になります。
B120: 7. 変数とプロパティの違い（重要）
B122: JMeter では、値を入れておく箱が2種類あります。本ガイドのトークン共有（04）で必要になる知識なので、違いを理解しておきましょう。
B123: 項目 | D123: 変数（Variables） | F123: プロパティ（Properties）
B124: 有効範囲 | D124: スレッドごと（他のスレッドや他のスレッドグループからは見えない） | F124: JMeter 全体で共有（すべてのスレッドから見える）
B125: 参照のしかた | D125: ${変数名} | F125: ${__P(名前,既定値)}
B126: 値の入れ方 | D126: User Defined Variables、抽出器（Extractor）、CSV Data Set Config、スクリプトの vars.put() | F126: user.properties、コマンドの -J／-q、スクリプトの props.put()、関数 __setProperty
B127: 主な用途 | D127: スレッドごとに違う値（取り出した ID、CSV の1行分など） | F127: 実行時に外から渡す値（スレッド数・接続先）、スレッドグループ間で共有したい値（setUp で取得したトークン）
B128: 本ガイドでの例 | D128: BASIC_AUTH、ACCESS_TOKEN（取り出した直後）、ITEM_ID | F128: threads、duration、cognito.host、ACCESS_TOKEN（共有用）
B130: 注意 | C130: ${__P(名前)} のように既定値を省略すると、そのプロパティが無いときに「1」という値になります。思わぬ値で動くのを防ぐため、${__P(threads,1)} のように必ず既定値を書いてください。

Sheet 03_機能一覧
B1: 03 JMeter で使える主な機能と追加方法
B2: よく使うテスト要素・関数・メニュー機能・プラグインの一覧です。「本ガイド」列の ◎ は本ガイドのシナリオで使用、○ は推奨、△ は必要に応じて使用します。 | F2: ▲ 目次へ戻る
B4: 1. 主なテスト要素と追加方法
B6: 「追加方法」は、親要素を右クリックしてからのメニューのたどり方です。例：［Add］→［Sampler］→［HTTP Request］
B7: 要素名（英語表示） | D7: できること | E7: 追加方法 | F7: 本ガイド
B8: Threads (Users)：スレッドグループ（Test Plan を右クリック）
B9: Thread Group | D9: 仮想ユーザー数・Ramp-up・繰り返し回数・実行時間を指定する基本のスレッドグループ | E9: ［Add］→［Threads (Users)］→［Thread Group］ | F9: ◎ 本体（TG01_API）
B10: setUp Thread Group | D10: 通常のスレッドグループより前に実行される（トークン取得・データ準備） | E10: ［Add］→［Threads (Users)］→［setUp Thread Group］ | F10: ◎ トークン取得
B11: tearDown Thread Group | D11: 通常のスレッドグループの後に実行される（後片付け） | E11: ［Add］→［Threads (Users)］→［tearDown Thread Group］ | F11: △
B12: Open Model Thread Group | D12: 到着率（例：毎秒10件）で負荷を指定する新しい方式（JMeter 5.5 以降） | E12: ［Add］→［Threads (Users)］→［Open Model Thread Group］ | F12: △ 上級者向け
B13: Sampler：リクエストを送る（スレッドグループ等を右クリック）
B14: HTTP Request | D14: HTTP／HTTPS のリクエストを送る | E14: ［Add］→［Sampler］→［HTTP Request］ | F14: ◎
B15: Debug Sampler | D15: 変数・プロパティの値を結果に表示する（動作確認用） | E15: ［Add］→［Sampler］→［Debug Sampler］ | F15: ○ GUI 確認時のみ（負荷試験では無効化）
B16: JSR223 Sampler | D16: Groovy スクリプトを実行し、結果を記録する | E16: ［Add］→［Sampler］→［JSR223 Sampler］ | F16: △
B17: Flow Control Action | D17: 一時停止・スレッド停止などの制御を行う | E17: ［Add］→［Sampler］→［Flow Control Action］ | F17: △
B18: Logic Controller：実行の順番・回数・条件を制御
B19: Transaction Controller | D19: 複数のリクエストを1つの業務処理としてまとめて集計する | E19: ［Add］→［Logic Controller］→［Transaction Controller］ | F19: ○
B20: Once Only Controller | D20: 各スレッドで最初の1回だけ配下を実行する | E20: ［Add］→［Logic Controller］→［Once Only Controller］ | F20: △ スレッドごとのトークン取得
B21: If Controller | D21: 条件が成り立つときだけ配下を実行する | E21: ［Add］→［Logic Controller］→［If Controller］ | F21: △
B22: Loop Controller | D22: 配下を指定回数繰り返す | E22: ［Add］→［Logic Controller］→［Loop Controller］ | F22: △
B23: Runtime Controller | D23: 指定した秒数の間だけ配下を繰り返す | E23: ［Add］→［Logic Controller］→［Runtime Controller］ | F23: △
B24: Throughput Controller | D24: 配下の実行割合（％）や回数を制御する（業務の比率を再現） | E24: ［Add］→［Logic Controller］→［Throughput Controller］ | F24: △
B25: Simple Controller | D25: 整理用のフォルダ（動作には影響しない） | E25: ［Add］→［Logic Controller］→［Simple Controller］ | F25: ○
B26: Config Element：共通設定・ヘッダー・データ
B27: HTTP Request Defaults | D27: プロトコル・ホスト名・タイムアウト等の既定値をまとめて設定 | E27: ［Add］→［Config Element］→［HTTP Request Defaults］ | F27: ◎
B28: HTTP Header Manager | D28: リクエストヘッダー（Authorization、X-API-ID 等）を付ける | E28: ［Add］→［Config Element］→［HTTP Header Manager］ | F28: ◎
B29: User Defined Variables | D29: 変数を定義する（Test Plan の画面にも同じ欄がある） | E29: ［Add］→［Config Element］→［User Defined Variables］ | F29: ◎（Test Plan の画面で定義）
B30: CSV Data Set Config | D30: CSV ファイルから1行ずつ値を読み込み、変数に入れる | E30: ［Add］→［Config Element］→［CSV Data Set Config］ | F30: ○ 試験データの差し替え
B31: HTTP Cookie Manager | D31: Cookie を自動で保持・送信する（画面系の試験では必須） | E31: ［Add］→［Config Element］→［HTTP Cookie Manager］ | F31: △
B32: Counter | D32: 連番を作る | E32: ［Add］→［Config Element］→［Counter］ | F32: △
B33: Random Variable | D33: 指定範囲の乱数を作る | E33: ［Add］→［Config Element］→［Random Variable］ | F33: △
B34: DNS Cache Manager | D34: 名前解決の制御（負荷分散先の偏り対策） | E34: ［Add］→［Config Element］→［DNS Cache Manager］ | F34: △
B35: Pre Processors：前処理（サンプラーを右クリック）
B36: JSR223 PreProcessor | D36: リクエスト前に Groovy で値を作る（Base64・日時・署名など） | E36: ［Add］→［Pre Processors］→［JSR223 PreProcessor］ | F36: ◎ Base64 の作成
B37: User Parameters | D37: スレッドごとに異なる値を割り当てる | E37: ［Add］→［Pre Processors］→［User Parameters］ | F37: △
B38: Post Processors：後処理（サンプラーを右クリック）
B39: Regular Expression Extractor | D39: 正規表現でレスポンスから値を取り出し、変数に入れる | E39: ［Add］→［Post Processors］→［Regular Expression Extractor］ | F39: ◎ トークンの取り出し
B40: JSON Extractor | D40: JSONPath（例：$.access_token）で値を取り出す | E40: ［Add］→［Post Processors］→［JSON Extractor］ | F40: ○
B41: Boundary Extractor | D41: 左右の文字列に挟まれた部分を取り出す（正規表現不要） | E41: ［Add］→［Post Processors］→［Boundary Extractor］ | F41: △
B42: JSR223 PostProcessor | D42: 取り出した値の加工、プロパティへの保存など | E42: ［Add］→［Post Processors］→［JSR223 PostProcessor］ | F42: ◎ トークンの共有
B43: Assertions：応答の検証（サンプラーを右クリック）
B44: Response Assertion | D44: ステータスコードや本文の文字列を検証する | E44: ［Add］→［Assertions］→［Response Assertion］ | F44: ◎
B45: JSON Assertion | D45: JSONPath で値の有無・一致を検証する | E45: ［Add］→［Assertions］→［JSON Assertion］ | F45: ○
B46: Duration Assertion | D46: 応答時間が上限を超えたらエラーとして扱う | E46: ［Add］→［Assertions］→［Duration Assertion］ | F46: △ 目標応答時間の監視
B47: Size Assertion | D47: レスポンスのサイズを検証する | E47: ［Add］→［Assertions］→［Size Assertion］ | F47: △
B48: Timer：待ち時間（スレッドグループ等を右クリック）
B49: Constant Timer | D49: 一定時間待つ | E49: ［Add］→［Timer］→［Constant Timer］ | F49: ○
B50: Uniform Random Timer | D50: 「一定時間＋ランダムな時間」待つ（利用者の操作間隔の再現） | E50: ［Add］→［Timer］→［Uniform Random Timer］ | F50: ◎ 思考時間
B51: Constant Throughput Timer | D51: 目標スループット（件/分）になるよう待ち時間を自動調整する | E51: ［Add］→［Timer］→［Constant Throughput Timer］ | F51: △ 目標件数での試験
B52: Precise Throughput Timer | D52: より正確なスループット制御（到着のばらつきも再現） | E52: ［Add］→［Timer］→［Precise Throughput Timer］ | F52: △
B53: Synchronizing Timer | D53: 指定数のスレッドがそろったら一斉に送信する（同時アクセス試験） | E53: ［Add］→［Timer］→［Synchronizing Timer］ | F53: △
B54: Listener：結果の表示・保存（Test Plan を右クリック）
B55: View Results Tree | D55: 1件ずつのリクエスト・レスポンスの詳細を表示（動作確認用） | E55: ［Add］→［Listener］→［View Results Tree］ | F55: ◎ GUI 確認時のみ
B56: Summary Report | D56: ラベル別の件数・平均・最小・最大・エラー率・スループット | E56: ［Add］→［Listener］→［Summary Report］ | F56: ◎
B57: Aggregate Report | D57: Summary Report に中央値・90/95/99 パーセンタイルを加えた集計 | E57: ［Add］→［Listener］→［Aggregate Report］ | F57: ◎
B58: View Results in Table | D58: 結果を1件ずつ表形式で表示 | E58: ［Add］→［Listener］→［View Results in Table］ | F58: △
B59: Simple Data Writer | D59: 結果をファイルに書き出すだけ（画面表示なし・軽い） | E59: ［Add］→［Listener］→［Simple Data Writer］ | F59: △
B60: Save Responses to a file | D60: レスポンスをファイルに保存（失敗時のみも可） | E60: ［Add］→［Listener］→［Save Responses to a file］ | F60: △ エラー調査
B61: Backend Listener | D61: InfluxDB などへ結果をリアルタイム送信（Grafana で監視） | E61: ［Add］→［Listener］→［Backend Listener］ | F61: △ 上級者向け
B64: 2. よく使う関数
B66: 関数は ${__関数名(引数)} の形で、設定値の入力欄に書きます。［Tools］→［Function Helper Dialog］で書式の確認と試し実行ができます。引数の中にカンマ（,）を含めるときは「\,」と書きます。
B67: 関数 | D67: 説明 | E67: 記述例 | F67: 結果の例
B68: __P | D68: プロパティの値を取得（2番目は既定値） | E68: ${__P(threads,1)} | F68: 20（-Jthreads=20 を指定した場合）
B69: __setProperty | D69: プロパティに値を設定 | E69: ${__setProperty(ACCESS_TOKEN,${ACCESS_TOKEN})} | F69: （何も表示しない）
B70: __groovy | D70: Groovy の式を実行 | E70: ${__groovy(java.time.LocalDate.now().toString())} | F70: 2026-10-04
B71: __UUID | D71: ランダムな UUID | E71: ${__UUID()} | F71: 3f2b6c1e-…（毎回異なる）
B72: __time | D72: 現在日時（書式指定） | E72: ${__time(yyyyMMddHHmmss)} | F72: 20261004103000
B73: __Random | D73: 範囲内の整数の乱数 | E73: ${__Random(1,100)} | F73: 57
B74: __RandomString | D74: ランダムな文字列 | E74: ${__RandomString(8,abcdef0123456789)} | F74: 3fa09c1e
B75: __threadNum | D75: スレッド番号 | E75: ${__threadNum} | F75: 5
B76: __counter | D76: カウンター（FALSE＝全スレッド通し番号） | E76: ${__counter(FALSE,)} | F76: 1, 2, 3 …
B77: __urlencode | D77: URL エンコード | E77: ${__urlencode(example-api/read)} | F77: example-api%2Fread
B78: __digest | D78: ハッシュ値（SHA-256 など） | E78: ${__digest(SHA-256,abc,,,)} | F78: ba7816bf8f01cfea…
B79: __base64Encode | D79: Base64 エンコード（プラグイン Custom JMeter Functions が必要） | E79: ${__base64Encode(id:secret)} | F79: aWQ6c2VjcmV0
B82: 3. 便利なメニュー機能
B84: 機能 | D84: メニュー | F84: 用途
B85: テンプレート | D85: ［File］→［Templates...］ | F85: よくあるシナリオの雛形から作り始める
B86: cURL の取り込み | D86: ［Tools］→［Import from cURL］ | F86: 開発者から受け取った curl コマンドを貼り付けると、HTTP Request とヘッダーを自動で作る（04 の 7章参照）
B87: 関数ヘルパー | D87: ［Tools］→［Function Helper Dialog］ | F87: 関数の書式を対話的に作成・テストする
B88: HTML レポートの作成 | D88: ［Tools］→［Generate HTML report］ | F88: 既存の結果ファイル（.jtl）から HTML レポートを作る（07 参照）
B89: 検証実行 | D89: スレッドグループを右クリック →［Validate］ | F89: 1スレッド・1回・タイマー無視で素早く動作確認する
B90: ログの表示 | D90: ［Options］→［Log Viewer］ | F90: 画面下部に jmeter.log の内容を表示する
B91: 検索 | D91: ［Search］→［Search］ | F91: 要素名や設定値を検索する
B92: プラグイン管理 | D92: ［Options］→［Plugins Manager］ | F92: プラグインの追加・更新（導入が必要。01 参照）
B93: 記録（レコーダー） | D93: ［File］→［Templates...］→「Recording」 | F93: ブラウザの操作を記録してシナリオにする（画面系の試験向け）
B96: 4. 主なプラグイン（Plugins Manager で追加）
B98: プラグイン ID | D98: 名称 | E98: 主な機能 | F98: 使う場面
B99: jpgc-casutg | D99: Custom Thread Groups | E99: Concurrency／Ultimate／Stepping Thread Group | F99: 段階的に負荷を上げる、複雑な負荷パターン
B100: jpgc-tst | D100: Throughput Shaping Timer | E100: 時間帯ごとの目標リクエスト数（RPS）を指定 | F100: 目標スループットでの一定負荷
B101: jpgc-graphs-basic | D101: 3 Basic Graphs | E101: Active Threads／Response Times／Transactions per Second の推移グラフ | F101: GUI での推移の確認
B102: jpgc-graphs-additional | D102: 5 Additional Graphs | E102: 応答コード・バイト数などの推移グラフ | F102: GUI での詳細な確認
B103: jpgc-perfmon | D103: PerfMon Metrics Collector | E103: サーバの CPU・メモリ等の収集（対象サーバに ServerAgent が必要） | F103: サーバ監視（AWS では CloudWatch で代替可能）
B104: jpgc-functions | D104: Custom JMeter Functions | E104: __base64Encode、__env など追加の関数 | F104: Base64 を関数で作りたい場合
B105: jpgc-synthesis | D105: Synthesis Report | E105: Summary Report と Aggregate Report を合わせた集計 | F105: GUI での集計
B106: jpgc-cmd | D106: Command-Line Graph Plotting Tool | E106: 結果ファイルからグラフ画像・CSV をコマンドで作成 | F106: CLI 環境での集計
B107: jpgc-autostop | D107: AutoStop Listener | E107: エラー率や応答時間が基準を超えたら自動停止 | F107: 障害時の安全停止
B108: jpgc-dummy | D108: Dummy Sampler | E108: 通信せずにダミーの結果を作る | F108: 抽出設定の練習
B110: 注意 | C110: プラグインを使ったシナリオは、実行サーバにも同じプラグイン（同じ版）が入っていないと読み込めず、「CannotResolveClassException」などのエラーになります。本ガイドのシナリオはプラグインを使いません。

Sheet 04_シナリオ作成
B1: 04 シナリオの作成（Cognito トークン取得 → API Gateway 呼び出し）
B2: Cognito でアクセストークンを取得し、そのトークンと APIキーをヘッダーに付けて API Gateway の API を呼び出すシナリオを、1ステップずつ作ります。JMeter の標準機能だけを使います（プラグイン不要）。 | F2: ▲ 目次へ戻る
B4: 1. これから作るシナリオの全体像
B6: 最初に完成形を確認します。上から順に、①setUp でトークンを1回だけ取得 → ②プロパティに保存して全スレッドで共有 → ③本体のスレッドグループで API を繰り返し呼び出す、という流れです。
B7: ツリー（要素の種類：名前） | E7: 役割 | F7: 種類
B8: Test Plan：API_LoadTest | E8: 共通の変数（接続先・ID 等）を定義する | F8: Test Plan
B9: ├─ setUp Thread Group：setUp_Token | E9: 本体より前に1回だけ実行（1スレッド×1回） | F9: setUp Thread Group
B10: │ └─ HTTP Request：T01_Cognito_Token | E10: POST /oauth2/token でトークンを取得 | F10: Sampler
B11: │ ├─ HTTP Header Manager：HDR_Token | E11: Content-Type と Authorization: Basic … | F11: Config Element
B12: │ ├─ JSR223 PreProcessor：PRE_BasicAuth | E12: client_id:client_secret を Base64 にする | F12: Pre Processor
B13: │ ├─ Regular Expression Extractor：EXT_AccessToken | E13: レスポンスから access_token を取り出す | F13: Post Processor
B14: │ ├─ JSR223 PostProcessor：POST_SaveToken | E14: 取り出したトークンをプロパティに保存 | F14: Post Processor
B15: │ ├─ Response Assertion：AST_Token_Code | E15: ステータスコード 200 を確認 | F15: Assertion
B16: │ └─ Response Assertion：AST_Token_Body | E16: 本文に access_token があるか確認 | F16: Assertion
B17: ├─ Thread Group：TG01_API | E17: 本体。スレッド数等は実行時に外から指定 | F17: Thread Group
B18: │ ├─ HTTP Request Defaults：DEF_API | E18: API Gateway のホスト名・タイムアウト | F18: Config Element
... B28: └─ Aggregate Report | E28: パーセンタイル付きの集計表 | F28: Listener
B30: ［ 画像貼付エリア ］ 図04-1 完成したシナリオのツリー 撮影対象：すべての要素を追加し終えたツリー全体（左側のツリー部分） （この枠の左上のセルを選択して Ctrl+V で貼り付け、枠内に収まるようにサイズを調整してください）
B54: 図04-1 完成したシナリオのツリー
B56: ポイント | C56: 要素の名前（Name）は英数字で付けます（例：T01_Cognito_Token）。結果ファイル・HTML レポート・Linux の画面・Excel で文字化けや扱いにくさを防ぐためです。日本語の説明は各要素の［Comments］欄に書きます。先頭の番号（T01、A01…）は、レポートで並べたときに順番どおりに表示させる工夫です。
B59: 2. 接続情報を別ファイルに分ける（env_stg.properties）
B61: 接続先やシークレットは、シナリオ（.jmx）に直接書かず、別の設定ファイル（properties ファイル）に分けます。理由は次のとおりです。
B62: ・ | C62: シークレットの漏えいを防ぐ：.jmx はチームで共有したり、構成管理ツールに登録したりするため、シークレットを書くと漏えいにつながります。
B63: ・ | C63: 環境の切り替えが簡単：ステージング用（env_stg）と本番相当用（env_prd）などのファイルを差し替えるだけで、同じ .jmx を使い回せます。
B64: ・ | C64: GUI と CLI で同じ .jmx が使える：端末では 1 ユーザー、実行サーバでは 50 ユーザーのように、実行時の指定だけで負荷を変えられます。
B65: No. | C65: 手順 | D65: 操作内容（詳しい手順） | E65: 入力値・設定値 | F65: 確認ポイント・補足
B66: 1 | C66: メモ帳を開く | D66: スタート → メモ帳 を開き、下のコードを貼り付けます。
B67: 2 | C67: 値を書き換える | D67: 00_全体像と準備 の「接続情報の記入表」を見ながら、各行の「=」の右側を現場の値に書き換えます。 | F67: client.secret と api.key は、安全な場所で管理している値を入力します。
B68: 3 | C68: 保存 | D68: ［ファイル］→［名前を付けて保存］→ ファイルの種類＝「すべてのファイル」、文字コード＝「UTF-8」で保存します。 | E68: C:\work\jmeter\props\env_stg.properties | F68: ファイルの種類を「テキスト文書」のままにすると、env_stg.properties.txt になってしまいます。
C70: ▼ C:\work\jmeter\props\env_stg.properties（値はダミー。現場の値に置き換える）
C71: # ===== env_stg.properties : staging environment =====
C72: # ASCII characters only (no Japanese)
C73: cognito.host=example-auth.auth.ap-northeast-1.amazoncognito.com
C74: scope=example-api/read
C75: client.id=1example23456789
C76: client.secret=CHANGE_ME
C77: api.host=abcde12345.execute-api.ap-northeast-1.amazonaws.com
C78: api.stage=stg
C79: api.key=CHANGE_ME
C80: # --- load settings (GUI default: 1 user x 1 loop) ---
C81: threads=1
... C84: duration=60
B86: 注意 | C86: properties ファイルは英数字・記号だけで書きます（日本語を書くと文字化けします）。値の前後に空白や引用符（"）を付けないでください。この記入例の値はすべて架空のものです。
B88: ファイルを作ったら、01_Windows導入 の5章で作った start_jmeter_stg.bat から JMeter を起動します。これで、シナリオの中で ${__P(cognito.host,)} のように書いた部分に、ファイルの値が入ります。
B90: 3. ステップ1：Test Plan（全体）の設定
B92: ツリーの一番上の「Test Plan」をクリックし、右側の設定パネルで次のように設定します。
B93: 設定項目（英語表示） | D93: 設定値（入力する値） | E93: 説明・補足
B94: Name | D94: API_LoadTest | E94: シナリオの名前です。
B95: Comments | D95: Cognito token -> API Gateway load test | E95: シナリオの説明（日本語でも可）。
B96: User Defined Variables | D96: 下表の 7 行を［Add］で追加 | E96: シナリオ全体で使う変数を定義します。
B97: Run Thread Groups consecutively (i.e. one at a time) | D97: オフ（既定のまま） | E97: オンにするとスレッドグループが1つずつ順番に実行されます。
B98: Run tearDown Thread Groups after shutdown of main threads | D98: オン（既定のまま）
B99: Functional Test Mode (i.e. save Response Data and Sampler Data) | D99: オフ（既定のまま） | E99: オンにするとレスポンス全文を保存するため、負荷試験には向きません。
B102: User Defined Variables（［Add］ボタンで1行ずつ追加し、Name と Value を入力）
B104: Name（変数名） | D104: Value（値） | E104: 意味
B105: COGNITO_HOST | D105: ${__P(cognito.host,)} | E105: Cognito のドメイン
B106: SCOPE | D106: ${__P(scope,)} | E106: 要求するスコープ
B107: CLIENT_ID | D107: ${__P(client.id,)} | E107: アプリクライアント ID
B108: CLIENT_SECRET | D108: ${__P(client.secret,)} | E108: クライアントシークレット
B109: API_HOST | D109: ${__P(api.host,)} | E109: API Gateway のホスト名
B110: API_STAGE | D110: ${__P(api.stage,stg)} | E110: ステージ名（既定値 stg）
B111: API_KEY | D111: ${__P(api.key,)} | E111: APIキーの値
B113: ポイント | C113: ${__P(cognito.host,)} は「プロパティ cognito.host の値を入れる（無ければ空文字）」という意味です。値そのものは properties ファイルにあるため、.jmx にはシークレットが保存されません。
B115: ［ 画像貼付エリア ］ 図04-2 Test Plan の設定画面 撮影対象：Test Plan を選択し、User Defined Variables に 7 行を入力した状態 （この枠の左上のセルを選択して Ctrl+V で貼り付け、枠内に収まるようにサイズを調整してください）
B135: 図04-2 Test Plan の設定画面
B138: 4. ステップ2～8：トークン取得部分（setUp Thread Group）
B141: ステップ2：setUp Thread Group を追加する
B143: 追加方法：［Test Plan］を右クリック →［Add］→［Threads (Users)］→［setUp Thread Group］
B144: 設定項目（英語表示） | D144: 設定値（入力する値） | E144: 説明・補足
B145: Name | D145: setUp_Token
B146: Action to be taken after a Sampler error | D146: Stop Test | E146: トークン取得に失敗したら試験全体を止めます（以降のリクエストがすべて 401 エラーになるのを防ぐ）。
B147: Number of Threads (users) | D147: 1 | E147: トークンは1つあれば全員で使えるため 1。
B148: Ramp-up period (seconds) | D148: 1
B149: Loop Count | D149: 1（Infinite はオフ） | E149: 1回だけ実行します。
B151: ［ 画像貼付エリア ］ 図04-3 setUp Thread Group の設定画面 撮影対象：setUp_Token の設定パネル（Stop Test を選択した状態） （この枠の左上のセルを選択して Ctrl+V で貼り付け、枠内に収まるようにサイズを調整してください）
B167: 図04-3 setUp Thread Group の設定画面
B170: ステップ3：トークン取得のリクエスト（HTTP Request）を追加する
B172: 追加方法：［setUp_Token］を右クリック →［Add］→［Sampler］→［HTTP Request］
B173: 設定項目（英語表示） | D173: 設定値（入力する値） | E173: 説明・補足
B174: Name | D174: T01_Cognito_Token
B175: Protocol [http] | D175: https
B176: Server Name or IP | D176: ${COGNITO_HOST} | E176: https:// や /oauth2/token は含めません。
B177: Port Number | D177: 443 | E177: https の既定のポートです（空欄でも 443 になります）。
B178: HTTP Request（メソッド） | D178: POST | E178: トークンエンドポイントは POST のみ受け付けます。
B179: Path | D179: /oauth2/token
B180: Content encoding | D180: UTF-8
B181: Use KeepAlive | D181: オン（既定のまま） | E181: 接続を使い回します。
B182: Use multipart/form-data | D182: オフ（既定のまま） | E182: オンにすると Cognito が受け付けない形式になります。
B183: Parameters タブ | D183: 下表の 2 行を［Add］で追加 | E183: フォーム形式（x-www-form-urlencoded）の本文として送信されます。
B184: Advanced タブ → Timeouts (milliseconds) → Connect | D184: 10000 | E184: 接続を 10 秒待っても確立しなければエラーにします。
B185: Advanced タブ → Timeouts (milliseconds) → Response | D185: 30000 | E185: 応答を 30 秒待っても返らなければエラーにします（無限に待たないため）。
B188: Parameters タブ（Send Parameters With the Request）：下部の［Add］を2回押して、2行を入力
B190: Name | D190: Value | E190: その他の列（URL Encode? ／ Content-Type ／ Include Equals?）
B191: grant_type | D191: client_credentials | E191: URL Encode? ＝ オン（チェックを入れる）／ Content-Type ＝ text/plain（既定のまま）／ Include Equals? ＝ オン（既定のまま）
B192: scope | D192: ${SCOPE} | E192: 同上。スコープの「/」や、複数スコープの区切りの空白を正しく送るため、URL Encode? を必ずオンにします。
B194: ポイント | C194: この設定で、JMeter は本文「grant_type=client_credentials&scope=example-api%2Fread」を送ります。URL Encode? をオンにすると、スコープの「/」が %2F に変換されます。スコープの指定が不要な場合（アプリクライアントに許可されたスコープをすべて受け取ってよい場合）は、scope の行を削除します。複数のスコープは半角スペースで区切ります。
B196: ［ 画像貼付エリア ］ 図04-4 T01_Cognito_Token の設定画面（Basic タブ） 撮影対象：Protocol・Server Name・Method・Path・Parameters を入力した状態 （この枠の左上のセルを選択して Ctrl+V で貼り付け、枠内に収まるようにサイズを調整してください）
B218: 図04-4 T01_Cognito_Token の設定画面（Basic タブ）
B220: ［ 画像貼付エリア ］ 図04-5 T01_Cognito_Token の Advanced タブ 撮影対象：Timeouts の Connect／Response を入力した状態 （この枠の左上のセルを選択して Ctrl+V で貼り付け、枠内に収まるようにサイズを調整してください）
B234: 図04-5 T01_Cognito_Token の Advanced タブ
...

Sheet 05_正規表現抽出
B1: 05 正規表現抽出（Regular Expression Extractor）の使い方
B2: レスポンスから必要な値を取り出す「正規表現抽出」の設定項目、正規表現の組み立て方、動作確認のしかた、うまくいかないときの対処をまとめます。 | F2: ▲ 目次へ戻る
B4: 1. 正規表現抽出とは
B6: Regular Expression Extractor（正規表現抽出）は、サーバから返ってきたレスポンスの中から、「この形の文字列」というパターン（正規表現）に一致する部分を探し、その一部を変数に入れる機能です。取り出した値は、後続のリクエストで ${変数名} として使えます。本ガイドでは、Cognito のレスポンスからアクセストークンを取り出すのに使います。
C7: ▼ 処理のイメージ
C8: ① T01_Cognito_Token を送信
C9: ② レスポンス：{"access_token":"eyJraWQi...","expires_in":3600,"token_type":"Bearer"}
C10: ③ 正規表現抽出で「eyJraWQi...」の部分だけを取り出し、変数 ACCESS_TOKEN に入れる
C11: ④ 後続のリクエストのヘッダーで Authorization: Bearer ${ACCESS_TOKEN} のように使う
B14: 2. 設定項目の意味
B16: 設定項目（英語表示） | D16: 設定例 | E16: 意味・選び方
B17: Name | D17: EXT_AccessToken | E17: 要素の名前です。
B18: Apply to: | D18: Main sample only | E18: どの結果を対象にするか。Main sample and sub-samples（本体と子）／Main sample only（本体のみ）／Sub-samples only（子のみ）／JMeter Variable Name to use（変数の値を対象）。API の試験では Main sample only を選びます。
B19: Field to check | D19: Body | E19: レスポンスのどこを探すか。Body（本文）／Body (unescaped)（HTML の特殊文字を戻した本文）／Body as a Document（PDF 等の文書の文字）／Response Headers（応答ヘッダー）／Request Headers（要求ヘッダー）／URL／Response Code（ステータスコード）／Response Message。
B20: Name of created variable | D20: ACCESS_TOKEN | E20: 取り出した値を入れる変数名。${ACCESS_TOKEN} で参照します。
B21: Regular Expression | D21: "access_token"\s*:\s*"([^"]+)" | E21: 探すパターン。取り出したい部分を ( ) で囲みます（3章で詳しく説明）。
B22: Template ($i$ where i is capturing group number, starts at 1) | D22: $1$ | E22: 何番目の ( ) を使うか。$1$＝1番目、$2$＝2番目、$0$＝一致した全体。$1$-$2$ のように組み合わせることもできます。
B23: Match No. (0 for Random) | D23: 1 | E23: 一致が複数あるとき何番目を使うか。1＝最初、2＝2番目、0＝ランダム、-1＝すべて（変数名_1, 変数名_2 …と、件数を表す 変数名_matchNr が作られる）。
B24: Default Value | D24: ACCESS_TOKEN_NOT_FOUND | E24: 一致しなかったときに入る値。空欄にせず、目印になる文字列を入れておくと原因調査が楽になります。
B25: Use empty default value | D25: オフ | E25: オンにすると、一致しなかったときに空の文字列を入れます。
B28: 3. 正規表現の組み立て方（アクセストークンの例）
B30: レスポンス {"access_token":"eyJraWQi...","expires_in":3600,"token_type":"Bearer"} から eyJraWQi... の部分を取り出す正規表現は、次のように部品を順番につないで作ります。
C31: ▼ 完成した正規表現
C32: "access_token"\s*:\s*"([^"]+)"
B34: 参考 | C34: このブックのフォントでは「\」（バックスラッシュ）が「¥」の形で表示されます。正規表現の「¥s」「¥d」は、JMeter には「\s」「\d」（半角のバックスラッシュ）として入力します。セルからコピーして貼り付ければ、正しい文字になります。
B36: 部品 | D36: 意味 | E36: この例で一致する文字
B37: "access_token" | D37: 文字列 "access_token"（ダブルクォートを含む）にそのまま一致 | E37: "access_token"
B38: \s* | D38: 空白（スペース・タブ・改行）が 0 文字以上。JSON が整形されていてもいなくても一致させるため | E38: （なし）
B39: : | D39: コロン | E39: :
B40: \s* | D40: 空白が 0 文字以上 | E40: （なし）
B41: " | D41: 値の始まりのダブルクォート | E41: "
B42: ([^"]+) | D42: 「ダブルクォート以外の文字」が1文字以上続く部分。( ) で囲んだので、ここが取り出される（グループ1） | E42: eyJraWQi...
B43: " | D43: 値の終わりのダブルクォート | E43: "
B45: ポイント | C45: [^"]+ は「次のダブルクォートの手前まで」を表す定番の書き方です。.+ （何でも1文字以上）を使うと、行の最後のダブルクォートまで一致してしまい、余計な文字まで取れてしまいます（「最長一致」と呼ばれる動き）。
B48: 4. よく使う記号
B50: 記号 | D50: 意味 | E50: 例
B51: . | D51: 任意の1文字（改行以外） | E51: a.c → abc、a1c に一致
B52: * | D52: 直前の文字の 0 回以上の繰り返し | E52: ab* → a、ab、abbb に一致
B53: + | D53: 直前の文字の 1 回以上の繰り返し | E53: \d+ → 1、123 に一致
B54: ? | D54: 直前の文字が 0 回か 1 回。「*?」「+?」の形では最短一致 | E54: .+? → できるだけ短く一致
B55: ( ) | D55: グループ。取り出したい部分を囲む | E55: id=(\d+) → 数字部分を取り出す
B56: [ ] | D56: 囲んだ文字のどれか1文字 | E56: [0-9a-f] → 16進数の1文字
B57: [^ ] | D57: 囲んだ文字「以外」の1文字 | E57: [^"] → ダブルクォート以外
B58: \d | D58: 数字1文字
B59: \s | D59: 空白文字（スペース・タブ・改行）1文字
B60: \S | D60: 空白以外の1文字
B61: \w | D61: 英数字とアンダースコアの1文字
B62: \ | D62: 直後の記号を「ただの文字」として扱う（エスケープ） | E62: \. \? \( \[ \{ \$ \+
B63: (?i) | D63: 先頭に付けると、大文字・小文字を区別しない | E63: (?i)x-amzn-requestid
B64: (?s) | D64: 先頭に付けると、「.」が改行にも一致する | E64: (?s)<body>(.+?)</body>
B67: 5. 抽出パターンの例
B69: 取り出したいもの | D69: レスポンスの例 | E69: 正規表現 | F69: Template など
B70: access_token | D70: {"access_token":"eyJ...","expires_in":3600} | E70: "access_token"\s*:\s*"([^"]+)" | F70: $1$
B71: expires_in（数値） | D71: …"expires_in":3600… | E71: "expires_in"\s*:\s*(\d+) | F71: $1$
B72: token_type | D72: …"token_type":"Bearer"… | E72: "token_type"\s*:\s*"([^"]+)" | F72: $1$
B73: 注文ID | D73: {"orderId":"ORD-000123","status":"ACCEPTED"} | E73: "orderId"\s*:\s*"([^"]+)" | F73: $1$
B74: 応答ヘッダーの値 （Field to check＝Response Headers） | D74: x-amzn-RequestId: 1a2b3c4d-5e6f-… | E74: (?i)x-amzn-requestid:\s*(\S+) | F74: $1$
B75: 複数の値をすべて | D75: {"items":[{"id":"A001"},{"id":"A002"}]} | E75: "id"\s*:\s*"([^"]+)" | F75: $1$、Match No.＝-1 → ITEM_1、ITEM_2、ITEM_matchNr
B77: 参考 | C77: x-amzn-RequestId は API Gateway が返すリクエストの識別番号です。エラーが起きたときにこの値を開発担当に伝えると、サーバ側のログを探しやすくなります。
B80: 6. 取り出せているかを確認する方法
B83: 6-1. RegExp Tester で正規表現を試す
B85: No. | C85: 手順 | D85: 操作内容（詳しい手順） | E85: 入力値・設定値 | F85: 確認ポイント・補足
B86: 1 | C86: 一度実行する | D86: シナリオを実行し（06_GUI実行 参照）、View Results Tree を開きます。
B87: 2 | C87: 対象を選ぶ | D87: 左側の一覧から T01_Cognito_Token をクリックし、右側の［Response data］タブ →［Response Body］で本文を確認します。
B88: 3 | C88: テスターに切り替え | D88: 左側の一覧の上にある表示形式のリスト（最初は「Text」）を「RegExp Tester」に変えます。 | E88: RegExp Tester
B89: 4 | C89: 正規表現を試す | D89: 画面下部の入力欄に正規表現を貼り付け、［Test］をクリックします。 | E89: "access_token"\s*:\s*"([^"]+)" | F89: 一致すると Match count: 1 と、Match[1][0]（一致全体）、Match[1][1]（グループ1＝取り出される値）が表示されます。
B91: ［ 画像貼付エリア ］ 図05-1 RegExp Tester の画面 撮影対象：正規表現を入力して［Test］を押し、Match[1][1] にトークンが表示された状態（トークンは塗りつぶす） （この枠の左上のセルを選択して Ctrl+V で貼り付け、枠内に収まるようにサイズを調整してください）
B111: 図05-1 RegExp Tester の画面
B114: 6-2. Debug Sampler で変数の中身を見る
B116: No. | C116: 手順 | D116: 操作内容（詳しい手順） | E116: 入力値・設定値 | F116: 確認ポイント・補足
B117: 1 | C117: Debug Sampler を追加 | D117: ［setUp_Token］を右クリック →［Add］→［Sampler］→［Debug Sampler］。T01_Cognito_Token より下に置きます。
B118: 2 | C118: 設定 | D118: JMeter variables＝True（既定）、JMeter properties＝True にします。 | E118: JMeter properties：True | F118: プロパティ（共有したトークン）も表示されます。
B119: 3 | C119: 実行して確認 | D119: 実行後、View Results Tree で Debug Sampler を選び、［Response data］を見ます。 | F119: ACCESS_TOKEN=eyJ… と表示されれば成功。ACCESS_TOKEN_NOT_FOUND なら失敗です。
B120: 4 | C120: 無効化 | D120: 確認が終わったら、Debug Sampler を右クリック →［Toggle］で無効化します。 | F120: 結果にトークンやシークレットが表示されるため、負荷試験では必ず無効にします。
B122: ［ 画像貼付エリア ］ 図05-2 Debug Sampler の結果 撮影対象：View Results Tree で Debug Sampler の Response data を表示した状態（トークンは塗りつぶす） （この枠の左上のセルを選択して Ctrl+V で貼り付け、枠内に収まるようにサイズを調整してください）
B140: 図05-2 Debug Sampler の結果
B143: 7. うまく取り出せないときのチェックリスト
B145: 症状 | D145: 考えられる原因 | F145: 対処
B146: 変数が Default Value のまま | D146: 正規表現がレスポンスと一致していない（空白・改行・大文字小文字の違い） | F146: RegExp Tester で確認する。\s* を入れる、(?i) を付ける。
B147: 変数が Default Value のまま | D147: Field to check が違う（ヘッダーにある値を Body で探している） | F147: 値がある場所に合わせて Field to check を選び直す。
B148: 変数が Default Value のまま | D148: 抽出器を置く場所が違う（別のリクエストの子になっている） | F148: 値が含まれるレスポンスを返すリクエストの「子」に移動する。
B149: 変数が Default Value のまま | D149: レスポンス自体がエラー（400／401 など） | F149: Response Body を見て、エラーの内容（invalid_client など）を確認する。
B150: 余計な文字まで取れてしまう | D150: 「.+」が最後まで一致している（最長一致） | F150: [^"]+ や .+? を使う。
B151: 2件目以降が取れない | D151: Match No. が 1 になっている | F151: -1 にして ${変数名_2} などで参照する。
B152: 後続のリクエストに ${ACCESS_TOKEN} という文字がそのまま送られる | D152: その変数が作られていない（抽出が動いていない、綴りや大文字小文字の違い、別スレッドの変数） | F152: Debug Sampler で変数一覧を確認する。スレッドグループをまたぐ場合はプロパティを使う（04 ステップ7）。
B155: 8. JSON Extractor・Boundary Extractor との使い分け
B157: 抽出器 | D157: access_token を取り出す設定 | E157: 長所 | F157: 短所
B158: Regular Expression Extractor（本ガイド） | D158: Regular Expression："access_token"\s*:\s*"([^"]+)" | E158: JSON 以外（HTML・ヘッダー・テキスト）にも使える万能型 | F158: 正規表現の知識が必要
B159: JSON Extractor | D159: JSON Path expressions：$.access_token | E159: JSON なら簡単・確実 | F159: JSON 以外には使えない
B160: Boundary Extractor | D160: Left Boundary："access_token":" Right Boundary：" | E160: 正規表現が不要で処理が速い | F160: 空白の有無など書式の揺れに弱い
B162: JSON Extractor で同じことをする場合は、［Add］→［Post Processors］→［JSON Extractor］で追加し、次のように設定します。
B163: 設定項目（英語表示） | D163: 設定値（入力する値） | E163: 説明・補足
B164: Names of created variables | D164: ACCESS_TOKEN
B165: JSON Path expressions | D165: $.access_token | E165: 「$」は JSON 全体、「.access_token」はその中の access_token という項目を表します。
B166: Match No. (0 for Random) | D166: 1
B167: Default Values | D167: ACCESS_TOKEN_NOT_FOUND

Sheet 06_GUI実行
B1: 06 GUI での動作確認（1ユーザーでの実行）
B2: 作成したシナリオを JMeter の画面で実行し、トークン取得・ヘッダー・API 応答が正しいことを確認します。負荷をかける試験は 12（CLI）で行います。 | F2: ▲ 目次へ戻る
B4: 1. GUI 実行の目的
B6: GUI での実行は、「シナリオが正しく動くか」を確かめるためのものです。1ユーザー・1周で実行し、全リクエストが成功すること、送ったヘッダーや本文が意図どおりであることを確認します。ここで問題をすべて解消してから実行サーバへ転送すると、本番の試験で失敗するリスクを大きく減らせます。
B8: 2. 実行前のチェック
B10: No. | C10: 確認項目 | E10: 確認方法 | F10: チェック
B11: 1 | C11: start_jmeter_stg.bat から起動した（接続情報ファイルを読み込んでいる） | E11: 起動方法を確認 | F11: 未
B12: 2 | C12: threads=1、loops=1 になっている（GUI 確認用の値） | E12: env_stg.properties を確認 | F12: 未
B13: 3 | C13: View Results Tree が有効（グレーになっていない） | E13: ツリーを確認 | F13: 未
B14: 4 | C14: シナリオを保存した | E14: Ctrl＋S | F14: 未
B15: 5 | C15: 端末から Cognito・API Gateway に接続できる（プロキシ設定を含む） | E15: 04 の 7章の curl で確認 | F15: 未
B16: 6 | C16: 試験対象の担当者に、GUI での疎通確認を行うことを伝えた | E16: 連絡済みか確認 | F16: 未
B19: 3. 実行の手順
B21: No. | C21: 手順 | D21: 操作内容（詳しい手順） | E21: 入力値・設定値 | F21: 確認ポイント・補足
B22: 1 | C22: 結果をクリア | D22: メニュー［Run］→［Clear All］をクリックします（ツールバーのボタンでも可）。 | E22: Ctrl＋E | F22: 前回の結果が残っていると見分けにくいためです。
B23: 2 | C23: 実行開始 | D23: ツールバーの緑の ▶（Start）をクリックします。 | E23: Ctrl＋R | F23: 保存を確認するダイアログが出たら［Yes］で保存します。
B24: 3 | C24: 実行状況の確認 | D24: 画面右上に経過時間と「実行中のスレッド数／全スレッド数」が表示されます。 | F24: 終了すると実行中のスレッド数が 0 に戻ります。
B25: 4 | C25: 結果の一覧を開く | D25: ツリーの［View Results Tree］をクリックします。
B26: 5 | C26: 成功・失敗を見る | D26: 左側にリクエスト名が実行順に並びます。緑のアイコン＝成功、赤のアイコン＝失敗です。 | F26: T01_Cognito_Token、A01_GET_items、A02_POST_orders の3件がすべて緑なら成功です。
B27: 6 | C27: トークン取得を確認 | D27: T01_Cognito_Token をクリック →［Sampler result］で Response code: 200、［Response data］で access_token・expires_in・token_type があることを確認します。 | F27: ［Request］→［Request Headers］に Authorization: Basic … が付いていることも確認します。
B28: 7 | C28: ヘッダーを確認 | D28: A01_GET_items をクリック →［Request］→［Request Headers］で、X-API-ID と Authorization: Bearer eyJ… が付いていることを確認します。 | F28: Bearer TOKEN_NOT_SET になっていたら、トークンの共有に失敗しています（04 ステップ7）。
B29: 8 | C29: 本文を確認 | D29: A02_POST_orders の［Request］→［Request Body］で、${ITEM_ID} が実際の値（例：A001）に置き換わっていることを確認します。 | F29: ${ITEM_ID} という文字のまま送られていたら、抽出に失敗しています（05 の7章）。
B30: 9 | C30: 集計を確認 | D30: ［Summary Report］と［Aggregate Report］で、件数とエラー率（Error %）を確認します。 | F30: Error % が 0.00% であること。
B31: 10 | C31: ログを確認 | D31: 画面右上の黄色い三角形（警告）アイコンをクリックするか、［Options］→［Log Viewer］でログを表示します。 | F31: ERROR の行がないことを確認します。
B33: ［ 画像貼付エリア ］ 図06-1 実行中の画面 撮影対象：実行中の右上の表示（経過時間・スレッド数）が分かる画面 （この枠の左上のセルを選択して Ctrl+V で貼り付け、枠内に収まるようにサイズを調整してください）
B49: 図06-1 実行中の画面
B51: ［ 画像貼付エリア ］ 図06-2 View Results Tree：トークン取得の結果 撮影対象：T01_Cognito_Token を選び、Response data にレスポンスが表示された状態（トークンは塗りつぶす） （この枠の左上のセルを選択して Ctrl+V で貼り付け、枠内に収まるようにサイズを調整してください）
B73: 図06-2 View Results Tree：トークン取得の結果
B75: ［ 画像貼付エリア ］ 図06-3 View Results Tree：API 呼び出しのリクエストヘッダー 撮影対象：A01_GET_items の Request → Request Headers（APIキーとトークンは塗りつぶす） （この枠の左上のセルを選択して Ctrl+V で貼り付け、枠内に収まるようにサイズを調整してください）
B97: 図06-3 View Results Tree：API 呼び出しのリクエストヘッダー
B100: 4. View Results Tree の見方
B102: タブ | D102: 表示される内容 | F102: 確認すること
B103: Sampler result | D103: スレッド名、開始時刻、Load time（応答時間）、Connect Time、Latency、受信・送信サイズ、Response code、Response message など | F103: 応答時間とステータスコード
B104: Request → Request Body | D104: 送った本文 | F104: パラメータや JSON の ${…} が正しく置き換わっているか
B105: Request → Request Headers | D105: 送ったヘッダー | F105: Authorization、X-API-ID、Content-Type の値
B106: Response data → Response Body | D106: 受け取った本文 | F106: 期待どおりの内容か。エラーの場合はエラーメッセージ
B107: Response data → Response headers | D107: 受け取ったヘッダー | F107: x-amzn-RequestId（AWS 側の調査で使う識別番号）など
B109: 参考 | C109: ［Request］タブの下部には［Raw］と［HTTP］の切り替えがあります。［Raw］では［Request Body］／［Request Headers］がそのままの形で、［HTTP］ではメソッド・URL・パラメータ・ヘッダーが表の形で表示されます。
B111: Sampler result の項目 | D111: 意味
B112: Load time | D112: 応答時間（送信の直前から、応答の最後の1バイトを受け取るまで）。JTL の elapsed と同じ
B113: Connect Time | D113: 接続の確立（TCP 接続＋TLS の暗号化の準備）にかかった時間。接続を使い回したときは 0
B114: Latency | D114: 送信の直前から、応答の最初の1バイトを受け取るまでの時間（サーバの処理時間の目安）
B115: Size in bytes | D115: 受け取ったデータのサイズ（ヘッダー＋本文）
B116: Sent bytes | D116: 送ったデータのサイズ
B117: Response code ／ Response message | D117: HTTP のステータスコード（200 など）とメッセージ（OK など）
B120: 5. 少人数での確認（任意）
B122: 1ユーザーで成功したら、env_stg.properties の threads を 3、loops を 2 程度にして実行し、同時に動かしても値が混ざらないこと（ITEM_ID などがスレッドごとに正しく使われること）を確認します。これより大きな負荷は GUI ではかけず、CLI（12）で実行します。確認後は threads=1、loops=1 に戻します。
B124: 6. 停止のしかた
B126: 方法 | D126: 操作 | E126: 動き | F126: 使う場面
B127: Shutdown（推奨） | D127: ［Run］→［Shutdown］（Ctrl＋,） | E127: 新しいリクエストの開始をやめ、実行中のリクエストが終わるのを待ってから止まる | F127: 通常の途中停止
B128: Stop | D128: ツールバーの赤い ■（Ctrl＋.） | E128: 実行中のリクエストも中断してすぐに止まる（中断分はエラーとして記録されることがある） | F128: すぐに止めたいとき
B131: 7. エラーが出たときの最初の確認
B133: どこで | D133: 結果 | E133: 考えられる原因 | F133: 確認・対処
B134: T01 | D134: 400 {"error":"invalid_client"} | E134: クライアントID・シークレットの誤り、Base64 の元の文字列の誤り、「Basic」の後のスペース不足 | F134: properties の値、jmeter.log の BASIC_AUTH の行、Request Headers
B135: T01 | D135: 400 {"error":"unauthorized_client"} | E135: アプリクライアントで client_credentials が許可されていない | F135: Cognito の管理者に設定を確認してもらう
B136: T01 | D136: 400 {"error":"invalid_scope"} ／ "invalid_grant" | E136: スコープ名の誤り、アプリクライアントに許可されていないスコープ | F136: scope の値（リソースサーバ識別子/スコープ名）を確認
B137: T01 | D137: Non HTTP response code: java.net.UnknownHostException | E137: ホスト名の誤り、名前解決できない、プロキシ未設定 | F137: cognito.host の値（https:// を含めない）、プロキシ設定
B138: A01・A02 | D138: 401 Unauthorized | E138: トークンなし・期限切れ・「Bearer」の書き方の誤り | F138: Request Headers の Authorization を確認
B139: A01・A02 | D139: 403 {"message":"Forbidden"} | E139: APIキーの誤り、ヘッダー名の誤り（X-API-ID／x-api-key）、使用量プランへの未登録 | F139: API 仕様書のヘッダー名とキーを確認
B140: A01・A02 | D140: 403 {"message":"Missing Authentication Token"} | E140: 存在しないパス・ステージ・メソッドを呼んでいる | F140: Path（/stg/items など）とメソッドを確認
B141: A01・A02 | D141: 429 Too Many Requests | E141: 使用量プランのスロットリング・クォータの上限に達した | F141: 上限値を基盤担当に確認
B142: A01・A02 | D142: 500／502／503／504 | E142: バックエンド（Lambda 等）のエラー・タイムアウト | F142: ［Response data］→［Response headers］の x-amzn-RequestId を開発担当に伝えて調査を依頼
B144: 参考 | C144: より詳しいエラーの一覧と対処は「付録B_トラブル対応」にまとめています。
B147: 8. 確認が終わったら（転送の準備）
B149: No. | C149: 手順 | D149: 操作内容（詳しい手順） | E149: 入力値・設定値 | F149: 確認ポイント・補足
B150: 1 | C150: 不要な要素を無効化 | D150: View Results Tree と Debug Sampler を右クリック →［Toggle］で無効化します（グレー表示になる）。 | F150: Summary Report・Aggregate Report も無効化して構いません。
B151: 2 | C151: properties の値を戻す | D151: env_stg.properties の threads=1、loops=1 を確認します。 | F151: 本番の値は実行時に -J で指定します。
B152: 3 | C152: 保存 | D152: Ctrl＋S で上書き保存します。 | F152: この .jmx を実行サーバへ転送します（11）。

Sheet 07_結果の見方
B1: 07 結果レポートの見方（リスナー・HTML レポート・JTL）
B2: JMeter が出す主な指標の意味と、Summary Report・Aggregate Report・HTML レポート（ダッシュボード）・結果ファイル（JTL）の見方をまとめます。 | F2: ▲ 目次へ戻る
B4: 1. 主な指標の意味
B6: 指標 | D6: 英語表示（単位） | E6: 意味 | F6: 見方のポイント
B7: サンプル数 | D7: # Samples（件） | E7: リクエストの件数 | F7: 想定した件数が出ているか
B8: 平均応答時間 | D8: Average（ms） | E8: 応答時間の平均 | F8: 一部の極端に遅いリクエストに引っ張られやすい
B9: 最小／最大 | D9: Min ／ Max（ms） | E9: 最も速い／最も遅い応答時間 | F9: Max は1件だけの外れ値のことが多い。参考程度に見る
B10: 中央値 | D10: Median（ms） | E10: 小さい順に並べてちょうど真ん中の値（50 パーセンタイル） | F10: 典型的な利用者の体感に近い
B11: パーセンタイル | D11: 90% Line ／ 95% Line ／ 99% Line（ms） | E11: 全体のその割合が、その値以下に収まる応答時間 | F11: 目標値の判定によく使う（例：95% Line ≦ 1,000ms）
B12: 標準偏差 | D12: Std. Dev.（ms） | E12: 応答時間のばらつきの大きさ | F12: 大きいほど応答が不安定
B13: エラー率 | D13: Error %（%） | E13: 失敗したリクエストの割合（アサーションの NG も含む） | F13: 0% が基本
B14: スループット | D14: Throughput（件/秒） | E14: 単位時間あたりに処理した件数 | F14: TPS とも呼ぶ。画面によっては /min（件/分）で表示される
B15: 受信量／送信量 | D15: Received KB/sec ／ Sent KB/sec（KB/秒） | E15: 1秒あたりのデータ量 | F15: ネットワークの負荷の目安
B16: 平均サイズ | D16: Avg. Bytes（バイト） | E16: 1件あたりの平均受信サイズ
B17: レイテンシ | D17: Latency（ms） | E17: 送信の直前から最初の1バイトを受け取るまで | F17: サーバの処理時間の目安
B18: 接続時間 | D18: Connect Time（ms） | E18: TCP 接続＋TLS の準備にかかった時間 | F18: 大きい場合は接続の作り直しが多い
B21: 応答時間の内訳（3つの時間の関係）
B23: 時間 | D23: 測っている区間 | F23: 関係
B24: Connect（接続時間） | D24: TCP 接続の確立 ＋ TLS（暗号化通信）の準備 | F24: 接続を使い回したときは 0
B25: Latency（レイテンシ） | D25: 送信の直前 ～ 応答の「最初」の1バイトを受け取るまで | F25: Connect を含む
B26: elapsed（応答時間・Load time） | D26: 送信の直前 ～ 応答の「最後」の1バイトを受け取るまで | F26: Latency を含む（elapsed ≧ Latency ≧ Connect）
B29: 2. Summary Report と Aggregate Report
B31: リスナー | D31: 主な列 | F31: 使い方
B32: Summary Report | D32: Label、# Samples、Average、Min、Max、Std. Dev.、Error %、Throughput、Received KB/sec、Sent KB/sec、Avg. Bytes | F32: 全体の傾向をつかむ
B33: Aggregate Report | D33: Label、# Samples、Average、Median、90% Line、95% Line、99% Line、Min、Max、Error %、Throughput、Received KB/sec、Sent KB/sec | F33: パーセンタイルで目標値と比べる
B35: 注意 | C35: 画面の Throughput は、値の大きさに応じて「/sec」「/min」「/hour」と単位が自動で変わります。報告書に書き写すときは単位をそろえてください。
B37: 各リスナーの画面下部にある［Save Table Data］を押すと、表を CSV で保存できます（GUI で実行した分だけ）。
B38: ［ 画像貼付エリア ］ 図07-1 Aggregate Report の画面 撮影対象：GUI 実行後の Aggregate Report（ラベル別の統計） （この枠の左上のセルを選択して Ctrl+V で貼り付け、枠内に収まるようにサイズを調整してください）
B54: 図07-1 Aggregate Report の画面
B57: 3. HTML レポート（ダッシュボード）
B60: 3-1. 作り方
B62: 方法 | D62: 手順 | F62: 使う場面
B63: CLI 実行と同時に作る（推奨） | D63: jmeter コマンドに -e -o <出力フォルダ> を付ける（12 参照） | F63: 負荷試験の本番
B64: 結果ファイルから後で作る（CLI） | D64: jmeter -g result.jtl -o report_new（出力フォルダは存在しないか空であること） | F64: レポートを作り直すとき
B65: 結果ファイルから後で作る（GUI） | D65: ［Tools］→［Generate HTML report］→ Results file (csv or jtl) に結果ファイル、user.properties file に C:\jmeter\apache-jmeter-5.6.3\bin\user.properties、Output directory に空のフォルダを指定 →［Generate report］ | F65: 端末でレポートを作り直すとき
B68: 3-2. 開き方
B70: 出力フォルダの中の index.html をダブルクリックすると、ブラウザでレポートが表示されます（インターネット接続は不要です）。
B71: ［ 画像貼付エリア ］ 図07-2 HTML レポートの Dashboard 画面 撮影対象：index.html をブラウザで開いた最初の画面（APDEX・Requests Summary・Statistics） （この枠の左上のセルを選択して Ctrl+V で貼り付け、枠内に収まるようにサイズを調整してください）
B95: 図07-2 HTML レポートの Dashboard 画面
B98: 3-3. 画面の構成と確認ポイント
B100: メニュー | D100: 項目 | E100: 内容 | F100: 確認ポイント
B101: Dashboard | D101: Test and Report information | E101: 結果ファイル名、試験の開始・終了時刻 | F101: 予定どおりの時間に実行されたか
B102: Dashboard | D102: APDEX | E102: 応答時間に対する満足度指数（0～1）。既定は 500ms 以下＝満足、1,500ms 以下＝許容 | F102: 1.00 に近いほど良い（基準は 01 の 6-4 で変更可能）
B103: Dashboard | D103: Requests Summary | E103: 成功（PASS）と失敗（FAIL）の割合の円グラフ | F103: FAIL の割合
B104: Dashboard | D104: Statistics | E104: ラベル別の件数・エラー率・平均・最小・最大・中央値・90/95/99 パーセンタイル・スループット・受信／送信量 | F104: 報告書の結果表の元データ
B105: Dashboard | D105: Errors | E105: エラーの種類ごとの件数と割合 | F105: どのエラーが多いか
B106: Dashboard | D106: Top 5 Errors by sampler | E106: リクエスト別の上位5つのエラー | F106: どの API で何が起きたか
B107: Charts → Over Time | D107: Response Times Over Time | E107: 応答時間の推移 | F107: 時間とともに悪化していないか
B108: Charts → Over Time | D108: Response Time Percentiles Over Time | E108: パーセンタイルの推移（成功したリクエストのみ） | F108: ばらつきの推移
B109: Charts → Over Time | D109: Active Threads Over Time | E109: 実行中のスレッド数の推移 | F109: Ramp-up が想定どおりか
B110: Charts → Over Time | D110: Bytes Throughput Over Time ／ Latencies Over Time ／ Connect Time Over Time | E110: データ量・レイテンシ・接続時間の推移 | F110: ネットワーク・接続の状況
B111: Charts → Throughput | D111: Hits Per Second ／ Codes Per Second | E111: 1秒あたりのリクエスト数、ステータスコード別の推移 | F111: 429 や 5xx が出た時刻
... B114: Charts → Response Times | D114: Response Time Percentiles ／ Response Time Overview ／ Time Vs Threads ／ Response Time Distribution | E114: 応答時間の分布、スレッド数と応答時間の関係 | F114: スレッド数が増えたときの劣化
B116: ポイント | C116: グラフは、凡例をクリックすると系列の表示・非表示を切り替えられ、範囲をドラッグすると拡大できます。報告書に使うグラフは、Windows キー＋Shift＋S で画面を撮影して貼り付けます。
B118: 注意 | C118: レポートの時刻が UTC（日本時間－9時間）と JST（日本時間）のどちらで表示されているかを必ず確認し、報告書では JST にそろえて記載してください。
B120: ［ 画像貼付エリア ］ 図07-3 HTML レポートの Response Times Over Time 撮影対象：Charts → Over Time → Response Times Over Time のグラフ （この枠の左上のセルを選択して Ctrl+V で貼り付け、枠内に収まるようにサイズを調整してください）
B140: 図07-3 HTML レポートの Response Times Over Time
B143: 4. 結果ファイル（JTL）の列の意味
B145: CLI 実行で -l に指定した結果ファイル（.jtl）は、1件のリクエストの結果を1つのレコードとして記録した CSV ファイルです。1行目は列名です。Excel での分析（14・15）はこのファイルを使います。
B146: 列名 | D146: 意味 | E146: 例
B147: timeStamp | D147: リクエストの開始時刻（1970年1月1日 0時（UTC）からのミリ秒） | E147: 1790816400250
B148: elapsed | D148: 応答時間（ミリ秒） | E148: 152
B149: label | D149: リクエストの名前（要素の Name） | E149: A01_GET_items
B150: responseCode | D150: ステータスコード。通信エラーの場合は「Non HTTP response code: …」という文字列 | E150: 200
B151: responseMessage | D151: 応答メッセージ | E151: OK
B152: threadName | D152: 「スレッドグループ名 グループ番号-スレッド番号」 | E152: TG01_API 1-3
B153: dataType | D153: 応答の種類（text／bin） | E153: text
B154: success | D154: 成功なら true、失敗なら false | E154: true
B155: failureMessage | D155: アサーションが NG になった理由。Response Assertion の場合は改行を含む複数行のメッセージになり、全体がダブルクォート（"）で囲まれる | E155: Test failed: code expected to equal /（改行）（改行）****** received : [[[429]]]（改行）…
B156: bytes ／ sentBytes | D156: 受信／送信したバイト数 | E156: 1856 ／ 1342
B157: grpThreads ／ allThreads | D157: そのスレッドグループ／全体で実行中のスレッド数 | E157: 10 ／ 10
... B161: Connect | D161: 接続の確立にかかった時間（ミリ秒） | E161: 48
B163: 参考 | C163: timeStamp は既定でリクエストの「開始」時刻です（jmeter.properties の sampleresult.timestamp.start=true）。終了時刻は timeStamp＋elapsed で求めます。
B165: 注意 | C165: failureMessage に改行が含まれると、1件の結果がファイル上で複数の行にまたがります。ファイルの行数（wc -l やメモ帳の行番号）をリクエスト数として扱わないでください。Excel に取り込むときは、引用符の中の改行を正しく扱う設定（14 の手順6：QuoteStyle.Csv）が必要です。

Sheet 08_確認観点
B1: 08 結果の確認観点と判定の考え方
B2: 負荷試験の結果を「何を・どこで・どう判断するか」を整理します。報告書の考察を書くときのチェックリストとしても使えます。 | F2: ▲ 目次へ戻る
B4: 1. 確認の基本的な流れ
B6: ① | C6: 試験が有効か：想定どおりのスレッド数・時間・件数で負荷がかかったか
B7: ② | C7: エラーの有無と種類：エラー率と、どのエラーがいつ出たか
B8: ③ | C8: 応答時間：パーセンタイル（90/95/99%）が目標値の範囲内か
B9: ④ | C9: スループット：目標の処理件数（件/秒）を満たしたか
B10: ⑤ | C10: 時系列の安定性：時間とともに悪化したり、不安定になったりしていないか
B11: ⑥ | C11: 原因の考察：サーバ側・負荷生成側のリソースと突き合わせて、限界点やボトルネックを考える
B13: 2. 確認観点の一覧
B15: No. | C15: 観点 | D15: 確認方法（どこを見るか） | E15: 判断の目安（例） | F15: NG のときに疑うこと
B16: 1 | C16: 想定どおりの負荷 | D16: Active Threads Over Time、JTL の allThreads、サンプル数 | E16: 設定したスレッド数に到達し、試験中は維持されている | F16: Ramp-up の設定誤り、負荷生成サーバの性能不足
B17: 2 | C17: 試験時間 | D17: HTML レポートの Test and Report information | E17: 予定どおり（例：600 秒） | F17: エラーによる停止（Stop Test）、SSH 切断
B18: 3 | C18: エラー率 | D18: Statistics の Error %、Errors 表 | E18: 0%（許容値は試験計画で合意。例：0.1% 未満） | F18: 下の No.4 のエラー別の原因
B19: 4 | C19: エラーの種類 | D19: Errors／Top 5 Errors、Codes Per Second | E19: ― | F19: 401：トークン期限切れ・未設定／403：APIキー・WAF／429：流量制限／5xx：バックエンド／Non HTTP：ネットワーク・タイムアウト・負荷生成側
B20: 5 | C20: 応答時間 | D20: 90／95／99 パーセンタイル（平均だけで判断しない） | E20: 目標値以内（例：95% ≦ 1,000ms） | F20: DB・外部 API の待ち、Lambda のコールドスタート
B21: 6 | C21: スループット | D21: Throughput、Total Transactions Per Second | E21: 目標値以上（例：50 件/秒以上） | F21: スレッド数不足・思考時間が長すぎる（JMeter 側）、処理の限界（サーバ側）
B22: 7 | C22: 時系列の安定性 | D22: Response Times Over Time | E22: 定常状態の区間で横ばい | F22: 時間とともに悪化＝リソースの解放漏れ、処理待ちの滞留
B23: 8 | C23: 負荷と応答時間の関係 | D23: Time Vs Threads、Response Time Vs Request | E23: スレッド数の増加に比例してスループットが増える | F23: スループットが頭打ちで応答時間が悪化＝ボトルネック（限界点）に到達
B24: 9 | C24: ばらつき | D24: Std. Dev.、Max と 99% Line の差 | E24: 極端な外れ値がない | F24: GC（メモリ整理）、オートスケーリング、スロットリング
B25: 10 | C25: 接続時間 | D25: Connect Time Over Time | E25: 接続の使い回しで小さい値 | F25: 接続の作り直しが多い、TLS の負荷
B26: 11 | C26: 負荷生成側の健全性 | D26: 実行サーバの CPU・メモリ（top、vmstat）、jmeter.log | E26: CPU 使用率 80% 未満、OutOfMemoryError なし | F26: 負荷生成側がボトルネック → 測定値が不正確
... B29: 14 | C29: 再現性 | D29: 同じ条件で複数回実行 | E29: 結果のぶれが小さい | F29: 外部要因（他の利用者、バッチ処理）
B32: 3. AWS 側で確認する主なメトリクス（CloudWatch）
B34: サービス | D34: メトリクス | E34: 見るポイント
B35: API Gateway | D35: Count | E35: 受け付けたリクエスト数。JMeter の件数と合っているか
B36: API Gateway | D36: Latency | E36: API Gateway がリクエストを受けてから応答するまでの時間
B37: API Gateway | D37: IntegrationLatency | E37: バックエンド（Lambda 等）の処理時間。Latency との差が API Gateway 自体の処理時間
B38: API Gateway | D38: 4XXError ／ 5XXError | E38: クライアントエラー／サーバエラーの件数
B39: Lambda | D39: Invocations ／ Duration ／ Errors ／ Throttles ／ ConcurrentExecutions | E39: 同時実行数の上限到達（Throttles）、処理時間（Duration）の悪化
B40: Lambda | D40: （ログの Init Duration） | E40: コールドスタートによる試験開始直後の遅延
B41: DynamoDB | D41: ConsumedRead/WriteCapacityUnits ／ ThrottledRequests | E41: 読み書きの性能（キャパシティ）不足
B42: RDS ／ Aurora | D42: CPUUtilization ／ DatabaseConnections ／ ReadLatency・WriteLatency | E42: データベースのボトルネック
B43: Cognito | D43: CallCount ／ ThrottleCount | E43: トークン発行などのリクエスト数と、制限による拒否
B44: AWS WAF | D44: BlockedRequests | E44: 実行サーバの IP が遮断されていないか
B46: 注意 | C46: CloudWatch のグラフは UTC で表示されることがあります（画面右上の時刻設定でローカル時刻に切り替え可能）。JMeter の結果（JST）と時刻を合わせてから比べてください。
B49: 4. 判定（合否）の考え方
B51: ・ | C51: 目標値は試験の前に合意しておきます（例：95 パーセンタイル応答時間 ≦ 1,000ms、エラー率 ＜ 0.1%、スループット ≧ 50 件/秒）。
B52: ・ | C52: Ramp-up 中や終了間際は負荷が安定しません。開始1分後～終了1分前など「定常状態」の区間だけで評価する方法もあります。その場合は評価区間を報告書に明記します（15 の STEP7）。
B53: ・ | C53: 平均値だけで判定しません。少数の極端に遅いリクエストが隠れてしまうため、パーセンタイルを併記します。
B54: ・ | C54: トークン取得（T01）は試験の最初に1回だけ実行されるため、業務 API の集計とは分けて扱います。
B55: ・ | C55: 目標を満たさなかった場合も、「どこが限界か」「何がボトルネックか」「どうすれば改善できるか」を示すことが報告の価値になります。

Sheet 09_注意点
B1: 09 注意点（実施前・実施中・実施後）
B2: 負荷試験で失敗や事故を起こさないための注意点を、分類ごとにまとめます。実施前に必ず一読してください。 | F2: ▲ 目次へ戻る
B3: No. | C3: 注意点 | E3: 守らないと起きること | F3: 対策
B4: 実施前の合意
B5: 1 | C5: 必ず関係者の承認と事前連絡のうえで実施する | E5: 共用環境の他の利用者や監視担当に影響し、障害と誤解される | F5: 試験計画書で日時・負荷量・緊急停止の連絡先を合意する
B6: 2 | C6: 本番環境に無断で負荷をかけない | E6: 業務停止や想定外の課金につながる | F6: 試験対象の環境を明記して承認を得る
B7: 3 | C7: 登録系 API の後始末を決めておく | E7: 試験データが残り、一意制約エラーや他の試験への影響が出る | F7: 削除方法・試験用データの範囲を開発担当と取り決める
B8: AWS の制限と課金
B9: 4 | C9: API Gateway の使用量プラン（スロットリング・クォータ）を確認する | E9: 429 Too Many Requests で試験が無効になる。クォータを使い切ると、同じキーを使う他の利用者も呼べなくなる | F9: 試験用の APIキー・使用量プランを用意し、上限値を確認する
B10: 5 | C10: AWS WAF のレートベースルールや IP 制限を確認する | E10: 実行サーバの IP が遮断され 403 になる | F10: 事前にルールを確認し、必要なら許可設定を依頼する
B11: 6 | C11: Cognito のトークン取得を大量に行わない | E11: 制限（スロットリング）に達する。client_credentials のトークン発行は従量課金の対象になる場合がある | F11: トークンは setUp で1回取得して共有する（04 の6章）
B12: 7 | C12: Lambda の同時実行数の上限を確認する | E12: 同じアカウントの他システムの Lambda まで巻き込んで制限される | F12: 上限値・予約同時実行数を基盤担当に確認する
B13: 8 | C13: リクエスト数に応じて費用がかかる | E13: 想定外の費用が発生する | F13: 事前に概算し、試験時間・回数を管理する
B14: セキュリティ
B15: 9 | C15: client_secret や APIキーを .jmx・Excel に直接書かない | E15: .jmx の共有や構成管理への登録で漏えいする | F15: properties ファイルで渡し、実行サーバでは権限を 600 にする
B16: 10 | C16: 画面キャプチャ・ログ・報告書にトークンやキーを載せない | E16: Authorization ヘッダーなどが写り込む | F16: 貼り付ける前に塗りつぶす
B17: 11 | C17: トークンを外部の Web サイト（JWT の解析サイト等）に貼り付けない | E17: 第三者にトークンが渡る | F17: 必要な場合は社内で許可された方法で確認する
B18: JMeter
B19: 12 | C19: GUI で負荷試験をしない | E19: 画面の描画が CPU・メモリを消費して測定値が不正確になり、JMeter が固まる | F19: GUI は作成と確認のみ。本番は CLI で実行
B20: 13 | C20: 負荷試験では View Results Tree・Debug Sampler を無効にする | E20: メモリを大量に使う。結果にシークレットが残る | F20: 転送前に Toggle で無効化する
B21: 14 | C21: 端末と実行サーバで JMeter・Java・プラグインの版をそろえる | E21: .jmx を読み込めない、動作が変わる | F21: 版を報告書に記録する
B22: 15 | C22: 結果ファイル（-l）は、既にあると追記される | E22: 前回の結果と混ざる（-e 指定時はエラーで止まる） | F22: 実行ごとに日時付きのフォルダに出力する（12）
B23: 16 | C23: -o のフォルダは空（または存在しない）であること | E23: HTML レポートを作れずエラーになる | F23: 日時付きのフォルダを使う、または -f を付ける
B24: 17 | C24: ${__P(名前)} の既定値を省略しない | E24: プロパティが無いと「1」になり、意図しない値で動く | F24: ${__P(threads,1)} のように既定値を書く
B25: 18 | C25: タイマーは範囲内のすべてのリクエストの前で動く | E25: 思考時間が想定の倍になる | F25: タイマーを置く場所を確認する（02 の4章）
B26: 19 | C26: 応答のタイムアウトを設定する | E26: 応答が返らないとスレッドが止まったままになり、負荷が出なくなる | F26: HTTP Request Defaults の Timeouts を設定する
B27: 負荷生成サーバ
B28: 20 | C28: 実行サーバの CPU・メモリ・ネットワークを監視する | E28: JMeter 側が先に限界になると、結果が不正確になる | F28: CPU 80% を超えるならスレッドを減らすか、サーバを増やす
B29: 21 | C29: JMeter のメモリ（HEAP）を適切に設定する | E29: OutOfMemoryError で試験が止まる | F29: サーバのメモリの半分程度まで（例：メモリ 4GB のサーバで -Xmx2g）
B30: 22 | C30: SSH が切れても試験が止まらないようにする | E30: 端末のスリープや回線断で試験が中断する | F30: tmux または nohup で実行する（12）
B31: ファイル・文字コード
B32: 23 | C32: Windows で作ったファイルの改行コード（CRLF） | E32: シェルスクリプトが「bad interpreter」で動かない | F32: LF で保存する。または sed -i 's/\r$//' ファイル名 で変換する
B33: 24 | C33: Linux はファイル名の大文字・小文字を区別する | E33: ファイルが見つからないエラーになる | F33: ファイル名は英小文字で統一する
B34: 25 | C34: パスに日本語・空白を使わない | E34: 文字化けやコマンドの誤動作 | F34: C:\work\jmeter のような英数字のパスにする
B35: 26 | C35: properties ファイルに日本語を書かない | E35: 文字化けして値が正しく読めない | F35: 英数字・記号だけで書く
B36: 時刻
B37: 27 | C37: JTL の timeStamp は UTC 基準のミリ秒 | E37: Excel でそのまま日時にすると9時間ずれる | F37: ＋9時間して JST に変換する（14）
B38: 28 | C38: 実行サーバの時刻同期とタイムゾーンを確認する | E38: サーバ側のログや CloudWatch と時刻を突き合わせられない | F38: timedatectl で確認する（10）
B39: ディスク
B40: 29 | C40: JTL は大きくなる（1件あたり約 150～250 バイト） | E40: ディスクがいっぱいになり、試験や OS に影響する | F40: df -h で空きを確認し、100万件なら約 200MB を見込む
B41: Excel
B42: 30 | C42: JTL をダブルクリックで開かない | E42: 日本語が文字化けし、timeStamp が指数表示、responseCode が数値になる | F42: Power Query（テキストまたは CSV から）で取り込む（14）
B43: 31 | C43: Excel の最大行数は 1,048,576 行 | E43: それを超える結果は読み込めない | F43: データモデルに読み込む、Power Query で集計してから読み込む（14）
B44: 報告
B45: 32 | C45: 平均値だけで評価しない | E45: 遅いリクエストが隠れる | F45: パーセンタイルを併記する
B46: 33 | C46: 試験条件を必ず記載する（版・スレッド数・時間・データ量・環境） | E46: 再現や比較ができない | F46: 18_報告書様式 を使う

Sheet 10_Linux準備
B1: 10 実行サーバ（Linux）の準備
B2: 負荷をかける Linux サーバに Java と JMeter を導入し、作業用フォルダや OS の設定を整えます。コマンドは SSH でログインした画面で実行します。 | F2: ▲ 目次へ戻る
B4: 1. 実行サーバの要件（目安）
B6: 項目 | D6: 推奨・目安 | E6: 確認コマンド
B7: OS | D7: Amazon Linux 2023、RHEL 8／9 系、Ubuntu 22.04／24.04 など | E7: cat /etc/os-release
B8: CPU | D8: 2コア以上（負荷の大きさに応じて増やす） | E8: nproc
B9: メモリ | D9: 4GB 以上（JMeter に 2GB ＋ OS 用） | E9: free -h
B10: ディスク | D10: 結果の保存用に 10GB 以上の空き | E10: df -h ~
B11: Java | D11: 端末と同じメジャーバージョン（17 または 21） | E11: java -version
B12: ネットワーク | D12: 試験対象に HTTPS（443）で接続できること | E12: curl -sI https://<対象のホスト名>
B13: 時刻 | D13: 時刻同期（NTP）されていること。タイムゾーンを把握しておく | E13: timedatectl
B15: ポイント | C15: 負荷生成サーバは、試験対象と同じリージョン（例：東京リージョン）に置くと、ネットワークの遅延が結果に混ざりにくくなります。
B18: 2. SSH で接続する（Windows の PowerShell から）
B21: 2-1. 直接接続する場合
C23: ▼ PowerShell（鍵ファイル・ユーザー名・IP は現場の値に置き換え）
C24: ssh -i $env:USERPROFILE\.ssh\jmeter-key.pem ec2-user@10.0.1.25
B26: 部分 | D26: 意味
B27: -i …\jmeter-key.pem | D27: ログインに使う秘密鍵ファイル（インフラ担当から受け取ったもの）
B28: ec2-user | D28: ログインするユーザー名（Amazon Linux は ec2-user、Ubuntu は ubuntu が一般的）
B29: 10.0.1.25 | D29: 実行サーバの IP アドレスまたはホスト名
B31: 初めて接続するときは「Are you sure you want to continue connecting (yes/no/[fingerprint])?」と聞かれます。表示されたフィンガープリントをインフラ担当に確認してから yes と入力します。
B33: 2-2. 踏み台サーバを経由する場合（設定ファイルを使う方法・推奨）
B35: 接続先の情報を設定ファイルに書いておくと、ssh jmeter-server のように短い名前で接続でき、ファイル転送（scp）のコマンドも短くなります。
C36: ▼ PowerShell（「新しく作成しますか？」と聞かれたら［はい］）
C37: New-Item -ItemType Directory -Force $env:USERPROFILE\.ssh | Out-Null
C38: notepad $env:USERPROFILE\.ssh\config
C40: ▼ C:\Users\<ユーザー名>\.ssh\config の内容（拡張子なし）
C41: Host bastion
C42: HostName bastion.example.co.jp
C43: User ec2-user
C44: IdentityFile ~/.ssh/bastion-key.pem
C46: Host jmeter-server
C47: HostName 10.0.1.25
C48: User ec2-user
C49: IdentityFile ~/.ssh/jmeter-key.pem
... C53: ssh jmeter-server
B55: 参考 | C55: 踏み台がない場合は、「Host bastion」の4行と「ProxyJump bastion」の行を削除します。鍵ファイルは C:\Users\<ユーザー名>\.ssh に置きます。
B58: 2-3. 鍵ファイルの権限エラーが出た場合
B60: 「WARNING: UNPROTECTED PRIVATE KEY FILE!」や「bad permissions」と表示されて接続できない場合は、鍵ファイルを本人だけが読めるように権限を変更します。
C61: ▼ PowerShell
C62: icacls $env:USERPROFILE\.ssh\jmeter-key.pem /inheritance:r
C63: icacls $env:USERPROFILE\.ssh\jmeter-key.pem /grant:r "$($env:USERNAME):(R)"
B65: ［ 画像貼付エリア ］ 図10-1 SSH で実行サーバにログインした画面 撮影対象：PowerShell から ssh でログインし、プロンプトが表示された状態（IP 等は塗りつぶす） （この枠の左上のセルを選択して Ctrl+V で貼り付け、枠内に収まるようにサイズを調整してください）
B77: 図10-1 SSH で実行サーバにログインした画面
B80: 3. サーバの状態を確認する
C82: ▼ Linux
C83: cat /etc/os-release
C84: nproc
C85: free -h
C86: df -h ~
C87: timedatectl
B89: コマンド | D89: 確認すること
B90: cat /etc/os-release | D90: OS の種類と版（以降の Java の入れ方が変わる）
B91: nproc ／ free -h ／ df -h ~ | D91: CPU のコア数、メモリ量、ホームディレクトリのディスクの空き
B92: timedatectl | D92: 「Time zone:」がタイムゾーン（Asia/Tokyo＝日本時間、UTC＝協定世界時）、「System clock synchronized: yes」なら時刻同期済み
B94: 注意 | C94: タイムゾーンが UTC の場合、jmeter.log や画面に表示される時刻は日本時間より9時間遅れます。サーバの設定を勝手に変えず、報告書を書くときに日本時間へ読み替えてください。
B97: 4. Java をインストールする
B99: OS の種類に合わせて、次のどれか1つを実行します（端末と同じメジャーバージョンにします。17 を使う場合は 21 を 17 に読み替え）。
C100: ▼ Amazon Linux 2023
C101: sudo dnf install -y java-21-amazon-corretto-headless
C103: ▼ RHEL 8／9 系（Rocky Linux・AlmaLinux など）
C104: sudo dnf install -y java-21-openjdk-headless
C106: ▼ Ubuntu
C107: sudo apt update
C108: sudo apt install -y openjdk-21-jre-headless
C110: ▼ 確認（21.0.x などと表示されれば成功）
C111: java -version
B113: 参考 | C113: 「headless」は画面表示の機能を省いた版で、サーバ用途に適しています。sudo 権限がない場合は、インフラ担当に導入を依頼してください。
B116: 5. JMeter をインストールする
B119: 5-1. ダウンロードとハッシュ値の確認（サーバがインターネットに出られる場合）
C121: ▼ Linux（最後に「apache-jmeter-5.6.3.tgz: OK」と表示されれば正常）
C122: cd /tmp
C123: curl -fLO https://dlcdn.apache.org/jmeter/binaries/apache-jmeter-5.6.3.tgz
C124: curl -fLO https://downloads.apache.org/jmeter/binaries/apache-jmeter-5.6.3.tgz.sha512
C125: sha512sum -c apache-jmeter-5.6.3.tgz.sha512
B127: 参考 | C127: 新しい版が公開されると、旧版は dlcdn.apache.org と downloads.apache.org から削除されます。その場合は、URL の「dlcdn.apache.org」「downloads.apache.org」の部分を「archive.apache.org/dist」に置き換えてください（例：https://archive.apache.org/dist/jmeter/binaries/apache-jmeter-5.6.3.tgz）。
B130: 5-2. サーバがインターネットに出られない場合
B132: No. | C132: 手順 | D132: 操作内容（詳しい手順） | E132: 入力値・設定値 | F132: 確認ポイント・補足
B133: 1 | C133: 端末でダウンロード | D133: 01 の3章と同じページから、Binaries の apache-jmeter-5.6.3.tgz と、その sha512 を端末にダウンロードします。 | E133: apache-jmeter-5.6.3.tgz | F133: Linux では zip ではなく tgz を使います（zip を Linux で展開すると実行権限が失われるため）。
B134: 2 | C134: 端末から転送 | D134: PowerShell で scp を使って /tmp に送ります（転送の詳細は 11）。 | E134: scp $env:USERPROFILE\Downloads\apache-jmeter-5.6.3.tgz* jmeter-server:/tmp/ | F134: * で tgz と sha512 の両方を送ります。
B135: 3 | C135: サーバで確認 | D135: サーバで cd /tmp と sha512sum -c apache-jmeter-5.6.3.tgz.sha512 を実行します。 | F135: 「OK」と表示されれば正常です。
B138: 5-3. 展開・配置
C140: ▼ Linux
C141: sudo tar -xzf /tmp/apache-jmeter-5.6.3.tgz -C /opt
C142: sudo ln -sfn /opt/apache-jmeter-5.6.3 /opt/jmeter
C143: sudo chown -R "$(id -un)":"$(id -gn)" /opt/apache-jmeter-5.6.3
C144: ls -l /opt/jmeter/bin/jmeter
B146: コマンド | D146: 意味
B147: tar -xzf … -C /opt | D147: /opt に展開します（/opt/apache-jmeter-5.6.3 ができる）。
B148: ln -sfn … /opt/jmeter | D148: /opt/jmeter という短い名前（シンボリックリンク）を作ります。版を上げるときはリンク先を変えるだけで済みます。
B149: chown -R … | D149: ログインユーザーが設定ファイルを編集・プラグインを追加できるよう、所有者を自分にします。
B150: ls -l /opt/jmeter/bin/jmeter | D150: 起動ファイルがあり、実行権限（x）が付いていることを確認します。
B153: 5-4. PATH を設定して動作確認する
C155: ▼ Linux（最後に JMeter のロゴと 5.6.3 が表示されれば成功）
C156: echo 'export JMETER_HOME=/opt/jmeter' >> ~/.bashrc
C157: echo 'export PATH=$JMETER_HOME/bin:$PATH' >> ~/.bashrc
C158: source ~/.bashrc
C159: jmeter -v
B161: ［ 画像貼付エリア ］ 図10-2 jmeter -v の実行結果 撮影対象：jmeter -v を実行し、バージョン 5.6.3 が表示された画面 （この枠の左上のセルを選択して Ctrl+V で貼り付け、枠内に収まるようにサイズを調整してください）
B175: 図10-2 jmeter -v の実行結果
...

Sheet 11_転送と配置
B1: 11 ファイルの転送と配置（Windows → Linux）
B2: 端末で作ったシナリオ・データ・接続情報を実行サーバへ転送し、正しく配置されたことを確認します。最後に1ユーザーで試し実行します。 | F2: ▲ 目次へ戻る
B4: 1. 転送するファイル
B6: ファイル | D6: 端末側の場所 | E6: 実行サーバ側の配置先 | F6: 備考
B7: シナリオ | D7: C:\work\jmeter\scenarios\api_loadtest.jmx | E7: ~/jmeter-work/scenarios/ | F7: View Results Tree 等を無効化して保存したもの（06 の8章）
B8: 試験データ（使う場合） | D8: C:\work\jmeter\data\items.csv | E8: ~/jmeter-work/data/ | F8: シナリオからの相対パスが端末と同じになる位置に置く
B9: 接続情報 | D9: C:\work\jmeter\props\env_stg.properties | E9: ~/jmeter-work/props/ | F9: 転送後に権限を 600 にする。負荷の値（threads 等）は実行時に指定
B10: 実行スクリプト | D10: （サーバ上で直接作成） | E10: ~/jmeter-work/scripts/run_test.sh | F10: 12 の4章の方法で作成（改行コードの問題を避けるため）
B11: プラグイン（使う場合） | D11: lib\ext・lib に追加された jar | E11: /opt/jmeter/lib/ext/、/opt/jmeter/lib/ | F11: 10 の9章を参照
B14: 2. 方法A：scp コマンドで転送する（PowerShell）
B16: Windows 11 には scp コマンドが標準で入っています。10 の 2-2 で SSH の設定ファイル（jmeter-server）を作った場合は、次のように短く書けます。
C17: ▼ PowerShell（設定ファイルを使う場合）
C18: scp C:\work\jmeter\scenarios\api_loadtest.jmx jmeter-server:/home/ec2-user/jmeter-work/scenarios/
C19: scp C:\work\jmeter\props\env_stg.properties jmeter-server:/home/ec2-user/jmeter-work/props/
C20: scp -r C:\work\jmeter\data jmeter-server:/home/ec2-user/jmeter-work/
C22: ▼ PowerShell（設定ファイルを使わない場合）
C23: scp -i $env:USERPROFILE\.ssh\jmeter-key.pem `
C24: C:\work\jmeter\scenarios\api_loadtest.jmx `
C25: ec2-user@10.0.1.25:/home/ec2-user/jmeter-work/scenarios/
B27: 部分 | D27: 意味
B28: scp 送るファイル 送り先 | D28: 左のファイルを右の場所にコピーします。送り先は「接続先:サーバ上のフォルダ」の形です。
B29: -r | D29: フォルダごとコピーします（data フォルダの中身をまとめて送る）。
B30: /home/ec2-user/… | D30: サーバ上の絶対パス。ユーザー名の部分は自分のユーザー名に合わせます（Ubuntu なら /home/ubuntu/…）。
B32: ポイント | C32: サーバ側のフォルダは「/」で始まる絶対パスで書くと確実です。「~」（ホーム）は scp では環境によって解釈されないことがあります。
B35: 3. 方法B：WinSCP（画面操作）で転送する
B37: 会社で WinSCP の利用が許可されている場合は、エクスプローラーのような画面でドラッグ＆ドロップで転送できます。
B38: No. | C38: 手順 | D38: 操作内容（詳しい手順） | E38: 入力値・設定値 | F38: 確認ポイント・補足
B39: 1 | C39: 接続先を登録 | D39: WinSCP を起動し、「ログイン」画面で［新しいサイト］を選びます。 | E39: 転送プロトコル：SFTP ホスト名：10.0.1.25 ポート番号：22 ユーザー名：ec2-user
B40: 2 | C40: 鍵を設定 | D40: ［設定］→［SSH］→［認証］→「秘密鍵」に .pem ファイルを指定します。 | E40: jmeter-key.pem | F40: PuTTY 形式（.ppk）への変換を確認されたら［OK］で変換します。
B41: 3 | C41: 踏み台の設定（必要な場合） | D41: ［設定］→［接続］→［トンネル］で踏み台サーバを指定します。
B42: 4 | C42: ログイン | D42: ［保存］してから［ログイン］します。 | F42: 初回はホスト鍵の確認が出るので、内容を確認して［はい］。
B43: 5 | C43: 転送 | D43: 左側（端末）から右側（サーバ）の ~/jmeter-work/scenarios などへドラッグ＆ドロップします。 | F43: 転送モードは「バイナリ」を推奨します（ファイルの中身を変えずに送るため）。
B45: ［ 画像貼付エリア ］ 図11-1 WinSCP のログイン画面 撮影対象：接続先（SFTP・ホスト名・ユーザー名）を入力した状態（IP 等は塗りつぶす） （この枠の左上のセルを選択して Ctrl+V で貼り付け、枠内に収まるようにサイズを調整してください）
B63: 図11-1 WinSCP のログイン画面
B65: ［ 画像貼付エリア ］ 図11-2 WinSCP でのファイル転送 撮影対象：左に端末のフォルダ、右にサーバの ~/jmeter-work を表示した状態 （この枠の左上のセルを選択して Ctrl+V で貼り付け、枠内に収まるようにサイズを調整してください）
B83: 図11-2 WinSCP でのファイル転送
B86: 4. 配置後の確認
B89: 4-1. ファイルの有無と権限
C91: ▼ Linux
C92: ls -l ~/jmeter-work/scenarios/ ~/jmeter-work/props/ ~/jmeter-work/data/
C93: chmod 600 ~/jmeter-work/props/env_stg.properties
B95: 注意 | C95: 接続情報ファイルにはシークレットが入っています。chmod 600 で、本人以外は読めないようにしてください。
B98: 4-2. 転送でファイルが変わっていないか（ハッシュ値の比較）
C100: ▼ 端末（PowerShell）
C101: Get-FileHash C:\work\jmeter\scenarios\api_loadtest.jmx -Algorithm SHA256
C103: ▼ 実行サーバ（Linux）
C104: sha256sum ~/jmeter-work/scenarios/api_loadtest.jmx
B106: 2つの値が一致すれば、ファイルは正しく転送されています（Windows は大文字、Linux は小文字で表示されますが、同じ値です）。
B108: 4-3. シナリオの中身の確認
C110: ▼ Linux
C111: grep -n 'C:\\' ~/jmeter-work/scenarios/api_loadtest.jmx
C112: grep -n 'ViewResultsFullVisualizer' ~/jmeter-work/scenarios/api_loadtest.jmx
B114: コマンド | D114: 期待する結果 | F114: 結果が違う場合
B115: grep -n 'C:\\' … | D115: 何も表示されない | F115: Windows の絶対パス（C:\…）がシナリオに残っています。相対パスに直して保存し直します。
B116: grep -n 'ViewResultsFullVisualizer' … | D116: 表示された行に enabled="false" が含まれる | F116: View Results Tree が有効のままです。端末で無効化（Toggle）して保存し、転送し直します。
B119: 5. 試し実行（1ユーザー・1回）
B121: 本番の前に、実行サーバ上で1ユーザー・1回だけ実行し、サーバからも正しく接続できることを確認します。properties ファイルの既定値（threads=1、loops=1）がそのまま使われます。
C122: ▼ Linux
C123: cd ~/jmeter-work
C124: jmeter -n -t scenarios/api_loadtest.jmx -q props/env_stg.properties -l /tmp/smoke.jtl -j /tmp/smoke.log
C125: cat /tmp/smoke.jtl
B127: 確認すること | D127: 期待する結果
B128: 画面の最後 | D128: 「... end of run」と表示されて終了する
B129: /tmp/smoke.jtl の内容 | D129: 見出し行と3行（T01・A01・A02）があり、success の列がすべて true
B130: エラーの場合 | D130: responseCode の列とエラー内容を見て、06 の7章・付録B で原因を調べる
C132: ▼ 確認が終わったら削除
C133: rm -f /tmp/smoke.jtl /tmp/smoke.log
B135: ［ 画像貼付エリア ］ 図11-3 試し実行の結果 撮影対象：試し実行の画面と cat /tmp/smoke.jtl の結果（success が true） （この枠の左上のセルを選択して Ctrl+V で貼り付け、枠内に収まるようにサイズを調整してください）
B151: 図11-3 試し実行の結果

Sheet 12_CLI実行と監視
B1: 12 CLI での負荷試験の実行と監視
B2: jmeter コマンドの書き方（jmx・結果ファイル・ログの出力先の指定）、実行スクリプト、SSH が切れても止まらない実行方法、実行中の監視、停止方法をまとめます。 | F2: ▲ 目次へ戻る
B4: 1. コマンドの基本形
C6: ▼ 基本形
C7: jmeter -n -t <jmxファイル> -l <結果ファイル.jtl> -j <ログファイル.log> -e -o <HTMLレポートの出力先フォルダ>
C9: ▼ 具体例（行末の「\」は、次の行に続くことを表す記号）
C10: jmeter -n \
C11: -t /home/ec2-user/jmeter-work/scenarios/api_loadtest.jmx \
C12: -q /home/ec2-user/jmeter-work/props/env_stg.properties \
C13: -Jthreads=20 -Jrampup=60 -Jloops=-1 -Jduration=600 \
C14: -l /home/ec2-user/jmeter-work/results/20261001_100000/result.jtl \
C15: -j /home/ec2-user/jmeter-work/results/20261001_100000/jmeter.log \
C16: -e -o /home/ec2-user/jmeter-work/results/20261001_100000/report
B19: 2. オプションの一覧
B21: オプション | D21: 正式名 | E21: 意味 | F21: 本ガイドでの指定例
B22: -n | D22: --nongui | E22: 画面を使わない CLI モードで実行する | F22: -n
B23: -t | D23: --testfile | E23: 実行するシナリオ（.jmx） | F23: -t …/scenarios/api_loadtest.jmx
B24: -l | D24: --logfile | E24: 結果ファイル（JTL）の出力先 | F24: -l …/result.jtl
B25: -j | D25: --jmeterlogfile | E25: JMeter の実行ログの出力先（省略するとコマンドを実行したフォルダに jmeter.log） | F25: -j …/jmeter.log
B26: -e | D26: --reportatendofloadtests | E26: 試験の終了後に HTML レポートを作る | F26: -e
B27: -o | D27: --reportoutputfolder | E27: HTML レポートの出力先（存在しない、または空のフォルダ） | F27: -o …/report
B28: -J | D28: --jmeterproperty | E28: プロパティを指定する（シナリオ内の ${__P(名前,…)} に入る） | F28: -Jthreads=20
B29: -q | D29: --addprop | E29: 追加のプロパティファイルを読み込む | F29: -q …/env_stg.properties
B30: -f | D30: --forceDeleteResultFile | E30: 既存の結果ファイルとレポートフォルダを削除してから実行する | F30: （同じ名前で実行し直す場合）
B31: -g | D31: --reportonly | E31: 既存の結果ファイルから HTML レポートだけを作る | F31: -g result.jtl -o report2
B32: -L | D32: --loglevel | E32: ログの詳しさを変える | F32: -Lorg.apache.jmeter.protocol.http=DEBUG（調査時のみ）
... B34: -v | D34: --version | E34: 版を表示する | F34: jmeter -v
B35: -? | E35: オプションの一覧を表示する | F35: jmeter -?
B37: 注意 | C37: -q は -J より前に書きます。オプションは書いた順に読み込まれ、後から指定した値が優先されるため、-q のファイルに threads=1 があっても、後ろの -Jthreads=20 が使われます。
B40: 3. jmx・結果ファイル・ログの指定のしかた
B43: 3-1. jmx（シナリオ）の指定
B45: ・ | C45: 絶対パス（「/」で始まる完全な場所）で指定するのが確実です：-t /home/ec2-user/jmeter-work/scenarios/api_loadtest.jmx
B46: ・ | C46: 相対パスで指定する場合は、コマンドを実行しているフォルダが基準になります：cd ~/jmeter-work してから -t scenarios/api_loadtest.jmx
B47: ・ | C47: シナリオの中の CSV ファイルなどの相対パスは、「.jmx ファイルがあるフォルダ」が基準になります（実行したフォルダではありません）。
B48: ・ | C48: 1回の jmeter コマンドで指定できる .jmx は1つです。
B49: ・ | C49: Linux はファイル名の大文字・小文字を区別します。途中まで入力して Tab キーを押すと名前が補完され、入力ミスを防げます。
B51: 3-2. 結果ファイル（-l）・ログ（-j）・レポート（-o）の出力先
B53: オプション | D53: 出力されるもの | F53: 注意点
B54: -l result.jtl | D54: 全リクエストの結果（CSV 形式、拡張子は .jtl） | F54: 同じ名前のファイルがあると追記されます（-e を付けているとエラーで止まります）。
B55: -j jmeter.log | D55: JMeter の実行ログ（開始・終了・エラー） | F55: 省略すると、コマンドを実行したフォルダに jmeter.log が作られます。
B56: -e -o report | D56: HTML レポート一式（index.html など） | F56: 出力先フォルダは「存在しない」か「空」である必要があります。
B58: おすすめは、実行のたびに「日時＋シナリオ名＋スレッド数」の名前のフォルダを作り、その中に3つをまとめる方法です。次の実行スクリプトがこれを自動で行います。
C59: ▼ 出力フォルダの構成
C60: ~/jmeter-work/results/
C61: └─ 20261001_100000_api_loadtest_20th/ … 実行ごとのフォルダ（日時_シナリオ_スレッド数）
C62: ├─ result.jtl … 結果ファイル（Excel 分析に使う）
C63: ├─ jmeter.log … 実行ログ
C64: ├─ console.log … 画面に出た途中経過の記録
C65: └─ report/ … HTML レポート（index.html を開く）
B68: 4. 実行スクリプト（run_test.sh）を作る
B70: 毎回長いコマンドを打つとミスが起きやすいため、スクリプトにまとめます。Windows で作ると改行コードの問題が起きるため、実行サーバ上で直接作ります。
B71: No. | C71: 手順 | D71: 操作内容（詳しい手順） | E71: 入力値・設定値 | F71: 確認ポイント・補足
B72: 1 | C72: 作成を開始 | D72: SSH でログインし、下のコマンドを入力して Enter を押します（画面は入力待ちになります）。 | E72: cat > ~/jmeter-work/scripts/run_test.sh << 'EOF'
B73: 2 | C73: 中身を貼り付け | D73: 下の「run_test.sh の内容」をすべてコピーして貼り付けます。
B74: 3 | C74: 作成を終了 | D74: 最後に「EOF」とだけ入力して Enter を押します。 | E74: EOF | F74: ここでファイルが保存されます。
B75: 4 | C75: 実行権限を付ける | D75: 下のコマンドを実行します。 | E75: chmod +x ~/jmeter-work/scripts/run_test.sh
B76: 5 | C76: 内容を確認 | D76: 下のコマンドで中身を表示し、貼り付けた内容と同じか確認します。 | E76: cat ~/jmeter-work/scripts/run_test.sh
C78: ▼ run_test.sh の内容
C79: #!/bin/bash
C80: # ==========================================================
C81: # run_test.sh : JMeter load test runner
C82: # usage : ./run_test.sh <scenario> <env> <threads> <rampup_sec> <duration_sec>
C83: # e.g. : ./run_test.sh api_loadtest stg 20 60 600
C84: # ==========================================================
C85: set -u
C87: SCENARIO=${1:?"usage: ./run_test.sh <scenario> <env> <threads> <rampup> <duration>"}
C88: ENV_NAME=${2:-stg}
C89: THREADS=${3:-1}
C90: RAMPUP=${4:-1}
... C128: echo "[INFO] report : ${OUT_DIR}/report/index.html"
B130: 参考 | C130: 行末の「¥」は、このブックのフォントでの「\」（バックスラッシュ）の表示です。「次の行に続く」という意味の記号で、コピーして貼り付けると正しく「\」になります。
B132: 部分 | D132: 意味
B133: SCENARIO=${1:?…} ほか | D133: 実行時に渡す引数（シナリオ名・環境名・スレッド数・Ramp-up 秒・試験時間 秒）を受け取ります。省略時は ENV_NAME=stg、THREADS=1 などの既定値になります。
B134: TS=$(date +%Y%m%d_%H%M%S) | D134: 実行開始の日時（例：20261001_100000）。出力フォルダ名に使います。
B135: [ -f … ] || { … exit 1; } | D135: jmx と properties が無ければ、エラーを表示して止めます。
B136: export HEAP=… | D136: JMeter のメモリ量（ここでは 2GB）。サーバのメモリの半分程度までにします。
B137: ulimit -n 65536 | D137: 同時に開けるファイル数の上限を引き上げます。
B138: -q … -J… | D138: 接続情報を読み込み、負荷の値を上書きします（-q が先）。-Jloops=-1 で回数制限なし、試験時間で終了します。
B139: 2>&1 | tee …/console.log | D139: 画面に途中経過を表示しながら、同じ内容を console.log にも保存します。
B140: samples ／ errors | D140: 終了後に件数とエラー件数（目安）を表示します。件数は、行頭が 13 桁の timeStamp の行だけを数えます（failureMessage の改行で1件が複数行になることがあるため、wc -l は使いません）。
B142: 参考 | C142: 端末で作った run_test.sh を転送して使う場合は、改行コードを LF に変換してください：sed -i 's/\r$//' ~/jmeter-work/scripts/run_test.sh（変換しないと「/bin/bash^M: bad interpreter」というエラーになります）。
B145: 5. 実行する（SSH が切れても止まらない方法）
B148: 5-1. tmux を使う方法（推奨）
B150: No. | C150: 手順 | D150: 操作内容（詳しい手順） | E150: 入力値・設定値 | F150: 確認ポイント・補足
B151: 1 | C151: ログイン | D151: SSH で実行サーバにログインします。 | E151: ssh jmeter-server
B152: 2 | C152: tmux を開始 | D152: 名前を付けて tmux の画面を開きます。 | E152: tmux new -s jmeter | F152: 画面の下に緑色の帯が表示されます。
B153: 3 | C153: フォルダへ移動 | E153: cd ~/jmeter-work/scripts
B154: 4 | C154: 実行 | D154: シナリオ名・環境名・スレッド数・Ramp-up 秒・試験時間 秒 を指定して実行します。 | E154: ./run_test.sh api_loadtest stg 20 60 600 | F154: 例：20スレッド、60秒かけて起動、600秒間実行
B155: 5 | C155: 途中経過を見る | D155: 30秒ごとに summary の行が表示されます（6章で見方を説明）。
B156: 6 | C156: 画面から離れる（デタッチ） | D156: Ctrl＋b を押して指を離し、続けて d を押します。 | E156: Ctrl＋b → d | F156: 試験は裏で続きます。この状態なら SSH を切っても止まりません。
B157: 7 | C157: 画面に戻る（アタッチ） | D157: 再度 SSH でログインし、下のコマンドを実行します。 | E157: tmux attach -t jmeter
B158: 8 | C158: 終了の確認 | D158: 「... end of run」と「[INFO] end」が表示されたら終了です。
B159: 9 | C159: tmux を閉じる | D159: exit と入力します。 | E159: exit
B161: ［ 画像貼付エリア ］ 図12-1 tmux で run_test.sh を実行中の画面 撮影対象：summary 行が表示されている実行中の画面 （この枠の左上のセルを選択して Ctrl+V で貼り付け、枠内に収まるようにサイズを調整してください）
B179: 図12-1 tmux で run_test.sh を実行中の画面
B182: 5-2. nohup を使う方法（tmux が使えない場合）
C184: ▼ Linux（tail -f は Ctrl＋C で抜けても試験は止まりません）
C185: cd ~/jmeter-work/scripts
C186: nohup ./run_test.sh api_loadtest stg 20 60 600 > ~/jmeter-work/results/nohup.out 2>&1 &
C187: tail -f ~/jmeter-work/results/nohup.out
...

Sheet 13_結果回収
B1: 13 結果の回収（Linux → Windows）
B2: 実行サーバに出力された結果一式を圧縮して端末へ転送し、展開して HTML レポートを開くまでの手順です。 | F2: ▲ 目次へ戻る
B4: 1. 回収する成果物
B6: ファイル | D6: 内容 | F6: 報告での使い道
B7: result.jtl | D7: 全リクエストの結果（CSV） | F7: Excel 分析の元データ（14・15）
B8: jmeter.log | D8: JMeter の実行ログ | F8: エラーの調査、実行条件の証跡
B9: console.log | D9: 画面に出た途中経過（summary 行） | F9: 実行経過の証跡
B10: report/ | D10: HTML レポート一式 | F10: グラフ・統計表の画面キャプチャ
B11: （任意）サーバ側メトリクス | D11: CloudWatch のグラフ・CSV | F11: 考察の根拠
B14: 2. 実行サーバで圧縮する
C16: ▼ Linux（フォルダ名は ls -lt で表示された実際の名前に置き換え）
C17: cd ~/jmeter-work/results
C18: ls -lt | head
C19: tar -czf 20261001_100000_api_loadtest_20th.tar.gz 20261001_100000_api_loadtest_20th
C20: ls -lh 20261001_100000_api_loadtest_20th.tar.gz
B22: コマンド | D22: 意味
B23: ls -lt | head | D23: 新しい順に一覧を表示し、今回のフォルダ名を確認します。
B24: tar -czf 圧縮後.tar.gz フォルダ | D24: フォルダを1つのファイル（.tar.gz）にまとめて圧縮します。
B25: ls -lh … | D25: できたファイルの大きさを確認します。
B28: 3. 端末へ転送する
C30: ▼ PowerShell（10 の 2-2 の設定ファイルを使う場合）
C31: scp jmeter-server:/home/ec2-user/jmeter-work/results/20261001_100000_api_loadtest_20th.tar.gz C:\work\jmeter\results\
C33: ▼ PowerShell（設定ファイルを使わない場合）
C34: scp -i $env:USERPROFILE\.ssh\jmeter-key.pem `
C35: ec2-user@10.0.1.25:/home/ec2-user/jmeter-work/results/20261001_100000_api_loadtest_20th.tar.gz `
C36: C:\work\jmeter\results\
B38: WinSCP を使う場合は、右側（サーバ）の tar.gz を左側（端末）の C:\work\jmeter\results へドラッグ＆ドロップします。
B40: 4. 展開して HTML レポートを開く
C42: ▼ PowerShell（Windows 11 は tar コマンドが標準で使えます）
C43: cd C:\work\jmeter\results
C44: tar -xzf .\20261001_100000_api_loadtest_20th.tar.gz
C45: Get-ChildItem .\20261001_100000_api_loadtest_20th
C46: Start-Process .\20261001_100000_api_loadtest_20th\report\index.html
B48: ［ 画像貼付エリア ］ 図13-1 回収した結果フォルダ 撮影対象：エクスプローラーで展開後のフォルダ（result.jtl・jmeter.log・report）を表示した状態 （この枠の左上のセルを選択して Ctrl+V で貼り付け、枠内に収まるようにサイズを調整してください）
B62: 図13-1 回収した結果フォルダ
B65: 5. 保管のルール（おすすめ）
B67: ・ | C67: フォルダ名は「日時_シナリオ名_スレッド数」のまま保管し、どの試験の結果か分かるようにします。
B68: ・ | C68: 元の結果ファイル（result.jtl）は書き換えません（読み取り専用にしておくと安心です）。分析は別の Excel ブックで行います。
B69: ・ | C69: 試験条件（スレッド数・Ramp-up・試験時間・JMeter と Java の版・対象環境）を、報告書（18）か同じフォルダのメモに必ず残します。
B70: ・ | C70: サーバ側メトリクス（CloudWatch の画面キャプチャ等）も、同じフォルダにまとめて保管します。
B72: 6. 実行サーバの後片付け
B74: 作業 | D74: コマンド | F74: タイミング
B75: 回収済みの結果を削除 | D75: rm -rf ~/jmeter-work/results/<フォルダ名> ~/jmeter-work/results/<フォルダ名>.tar.gz | F75: 端末で中身を確認した後（ディスクの空きを確保）
B76: 接続情報ファイルを削除 | D76: rm -f ~/jmeter-work/props/env_stg.properties | F76: 試験期間が終わったら（シークレットを残さない）
B77: プロセスが残っていないか | D77: ps -ef | grep [A]pacheJMeter | F77: 試験の終了後

Sheet 14_Excel取込
B1: 14 結果ファイル（JTL）を Excel に取り込む
B2: 回収した result.jtl を、文字化けや型の崩れなく Excel に取り込む手順です。Excel for Microsoft 365（Windows）の画面で説明します。 | F2: ▲ 目次へ戻る
B4: 1. 取り込み方法の比較
B6: 方法 | D6: 手順 | F6: 評価
B7: A：Power Query で取り込む（推奨） | D7: ［データ］→［テキストまたは CSV から］で、文字コード・区切り文字・列の型を指定して取り込む | F7: ◎ 文字化けや型の崩れを防げる。次の試験結果への差し替えも簡単
B8: B：ダブルクリックで開く | D8: .jtl を .csv に名前を変えて開く | F8: × 日本語が文字化けする（UTF-8 を Shift_JIS と誤認）、timeStamp が 1.79E+12 のような指数表示になる、responseCode が数値になる
B11: 2. Power Query で取り込む手順
B13: No. | C13: 手順 | D13: 操作内容（詳しい手順） | E13: 入力値・設定値 | F13: 確認ポイント・補足
B14: 1 | C14: 分析用のブックを作る | D14: Excel を起動して［空白のブック］を開き、C:\work\jmeter\analysis に保存します。 | E14: 例：analysis_20261001_20th.xlsx | F14: 結果ファイル（result.jtl）とは別のブックで分析します。
B15: 2 | C15: 取り込みを開始 | D15: ［データ］タブ →［データの取得と変換］グループ →［テキストまたは CSV から］をクリックします。
B16: 3 | C16: ファイルを選ぶ | D16: ダイアログ右下のファイルの種類を［すべてのファイル (*.*)］に変え、回収したフォルダの result.jtl を選んで［インポート］します。 | E16: C:\work\jmeter\results\<フォルダ>\result.jtl | F16: 最初は .csv と .txt しか表示されないため、種類の変更が必要です。
B17: 4 | C17: 読み込み方を指定 | D17: プレビュー画面の上部で次のように選びます。 | E17: 元のファイル：65001 : Unicode (UTF-8) 区切り記号：コンマ データ型検出：最初の 200 行に基づく | F17: 1行目の列名（timeStamp, elapsed…）が見出しになっていることを確認します。
B18: 5 | C18: 変換画面を開く | D18: 右下の［データの変換］をクリックします（［読み込み］ではありません）。 | E18: ［データの変換］ | F18: Power Query エディターが開きます。
B19: 6 | C19: 引用符の中の改行を正しく読む | D19: 右側の［適用したステップ］の一番上の［ソース］をクリックし、画面上部の数式バーの式の最後にある QuoteStyle=QuoteStyle.None を QuoteStyle=QuoteStyle.Csv に書き換えて、Enter キーを押します（最初から QuoteStyle.Csv なら変更不要）。 | E19: QuoteStyle=QuoteStyle.Csv | F19: NG になったリクエストの行は failureMessage に改行を含みます（07 の4章）。None のままだと1件が複数の行に分かれ、表が崩れます。数式バーが見えない場合は［表示］→［数式バー］にチェックを入れます。
B20: 7 | C20: 見出しの確認 | D20: 列名が timeStamp、elapsed … になっているか確認します。Column1… になっている場合は［ホーム］→［1 行目をヘッダーとして使用］をクリックします。
B21: 8 | C21: 列の型を設定 | D21: 各列の見出しの左にあるアイコン（ABC や 123）をクリックして、下の表のとおりに型を選びます。 | E21: 下の表を参照 | F21: 特に responseCode は必ず「テキスト」にします。
B22: 9 | C22: 日時の列を追加 | D22: ［列の追加］→［カスタム列］をクリックし、新しい列名と式を入力して［OK］。追加された列の型を［日付/時刻］にします。 | E22: 列名：開始日時JST 式：= #datetime(1970,1,1,9,0,0) + #duration(0,0,0,[timeStamp]/1000) | F22: 1970/1/1 からのミリ秒（UTC 基準）を、日本時間の日時に変換します。
B23: 10 | C23: シートに読み込む | D23: ［ホーム］→［閉じて読み込む］をクリックします。 | F23: 新しいシートに表（テーブル）として読み込まれます。
B24: 11 | C24: テーブル名を変える | D24: 表の中をクリック →［テーブル デザイン］タブ → 左端の［テーブル名］を書き換えます。 | E24: tblJTL | F24: 数式で tblJTL[elapsed] のように列を指定できるようになります（15 で使用）。
B25: 12 | C25: 日時の表示形式 | D25: 開始日時JST の列を選び、Ctrl＋1 →［表示形式］→［ユーザー定義］→ 種類に下の書式を入力 →［OK］。 | E25: yyyy/mm/dd hh:mm:ss.000 | F25: ミリ秒まで表示されます。
B26: 13 | C26: 件数の確認 | D26: 表のデータの件数（見出しを除く行数）が、試験の総リクエスト数と一致するか確認します。 | E26: 12 の run_test.sh が最後に表示する [INFO] samples の件数、または HTML レポートの Statistics の Total の #Samples | F26: 表の行を選ぶと、画面下のステータスバーに「データの個数」が表示されます。結果ファイルの行数とは一致しないことがあります（failureMessage の改行のため）。
B28: ［ 画像貼付エリア ］ 図14-1 ［テキストまたは CSV から］のプレビュー画面 撮影対象：元のファイル＝65001 : Unicode (UTF-8)、区切り記号＝コンマを選んだ状態 （この枠の左上のセルを選択して Ctrl+V で貼り付け、枠内に収まるようにサイズを調整してください）
B48: 図14-1 ［テキストまたは CSV から］のプレビュー画面
B50: ［ 画像貼付エリア ］ 図14-2 Power Query エディターで型とカスタム列を設定した画面 撮影対象：［ソース］の式が QuoteStyle.Csv、responseCode がテキスト型、開始日時JST の列を追加した状態 （この枠の左上のセルを選択して Ctrl+V で貼り付け、枠内に収まるようにサイズを調整してください）
B72: 図14-2 Power Query エディターで型とカスタム列を設定した画面
B75: 列のデータ型（手順8）
B77: 列 | D77: 型 | E77: 理由
B78: timeStamp | D78: 整数 | E78: 1970年1月1日からのミリ秒（13 桁の数値）
B79: elapsed、bytes、sentBytes、grpThreads、allThreads、Latency、IdleTime、Connect | D79: 整数 | E79: 時間（ミリ秒）・バイト数・スレッド数
B80: label、responseMessage、threadName、dataType、failureMessage、URL | D80: テキスト | E80: 文字列
B81: responseCode | D81: テキスト | E81: 通信エラーのときは「Non HTTP response code: java.net…」という文字列が入るため。整数にするとその行がエラーになり、エラーの件数を数え漏らします。
B82: success | D82: True/False | E82: 成功＝TRUE、失敗＝FALSE
B84: 参考 | C84: 数式で日時に変換する方法もあります（Power Query を使わない場合）。開始日時JST の列に =[@timeStamp]/86400000+DATE(1970,1,1)+TIME(9,0,0) と入力すると、日本時間の日時になります（86400000 は1日のミリ秒数、TIME(9,0,0) は＋9時間）。
B87: 3. 【別の方法】M コードを貼り付けて一度に取り込む
B89: 手順2～9 の画面操作は、Power Query の命令文（M コード）としても書けます。下のコードを貼り付けると、文字コード・区切り記号・引用符の中の改行・列の型・日本時間の列が一度に設定されます。画面操作に慣れたら、こちらの方が速く、設定漏れもありません。
B90: No. | C90: 手順 | D90: 操作内容（詳しい手順） | E90: 入力値・設定値 | F90: 確認ポイント・補足
B91: 1 | C91: 空のクエリを作る | D91: 分析用のブックで［データ］→［データの取得］→［その他のデータ ソースから］→［空のクエリ］をクリックします。 | F91: Power Query エディターが開きます。
B92: 2 | C92: 詳細エディターを開く | D92: ［ホーム］→［詳細エディター］をクリックします。 | F92: 最初から入っている「let … in …」の文字は、次の手順ですべて置き換えます。
B93: 3 | C93: コードを貼り付ける | D93: エディター内の文字をすべて選択（Ctrl＋A）して消し、下のコードを貼り付けます。FilePath の右側の "…" を、実際の result.jtl の場所に書き換えて［完了］をクリックします。 | E93: FilePath = "C:\work\jmeter\results\<フォルダ>\result.jtl", | F93: エクスプローラーでファイルを右クリック →［パスのコピー］でコピーした値は、前後に「"」が付いています。"…" の部分全体と置き換えます。
B94: 4 | C94: クエリの名前を変える | D94: 右側の［クエリの設定］→［プロパティ］の［名前］を書き換えます。 | E94: tblJTL | F94: 読み込んだ表（テーブル）にも通常は同じ名前が付きます。読み込み後のテーブル名が tblJTL になっていない場合は、手順11 で変更します。
B95: 5 | C95: 読み込む | D95: ［ホーム］→［閉じて読み込む］をクリックします。 | F95: 新しいシートにテーブル tblJTL ができます。
B96: 6 | C96: 仕上げ | D96: 手順12（日時の表示形式）と手順13（件数の確認）を行います。
C98: ▼ 詳細エディターに貼り付ける M コード（FilePath = の行だけを書き換える）
C99: let
C100: // ① 読み込む結果ファイル（試験ごとにここだけを書き換える）
C101: FilePath = "C:\work\jmeter\results\20261001_100000_api_loadtest_10th\result.jtl",
C102: // ② CSV として読む（UTF-8・コンマ区切り・引用符の中の改行はデータとして扱う）
C103: Source = Csv.Document(File.Contents(FilePath),
C104: [Delimiter = ",", Columns = 17, Encoding = 65001, QuoteStyle = QuoteStyle.Csv]),
C105: // ③ 1行目を列名にする
C106: Promoted = Table.PromoteHeaders(Source, [PromoteAllScalars = true]),
C107: // ④ 列の型を設定する（responseCode は必ずテキスト）
C108: Typed = Table.TransformColumnTypes(Promoted, {
C109: {"timeStamp", Int64.Type}, {"elapsed", Int64.Type}, {"label", type text},
... C119: AddJST
B121: コードの部分 | D121: 意味
B122: FilePath = "…" | D122: 読み込むファイルの場所です。試験ごとにここだけを書き換えます。
B123: Csv.Document(…) | D123: CSV として読みます。Encoding = 65001 は UTF-8、Columns = 17 は列の数（JMeter 5.6.3 の既定の JTL は 17 列）、QuoteStyle = QuoteStyle.Csv は「引用符の中の改行をデータの一部として扱う」指定です（手順6 と同じ）。
B124: Table.PromoteHeaders(…) | D124: 1行目（timeStamp, elapsed …）を列名にします（手順7）。
B125: Table.TransformColumnTypes(…) | D125: 列ごとの型を設定します（手順8 の表と同じ）。Int64.Type は整数、type text はテキスト、type logical は True/False です。
B126: Table.AddColumn(…, "開始日時JST", …) | D126: 日本時間の開始日時の列を追加します（手順9 と同じ）。
B128: 注意 | C128: jmeter.properties の保存項目（jmeter.save.saveservice.～）を変えて列の数が 17 以外になっている場合は、Columns の数字と、型を設定する列の一覧を、実際の見出しに合わせて変えます。列の数は、result.jtl の1行目をメモ帳で開き、コンマの数＋1 で数えられます。
B130: ［ 画像貼付エリア ］ 図14-3 詳細エディターに M コードを貼り付けた画面 撮影対象：FilePath を書き換え、構文エラーがない状態 （この枠の左上のセルを選択して Ctrl+V で貼り付け、枠内に収まるようにサイズを調整してください）
B148: 図14-3 詳細エディターに M コードを貼り付けた画面
B151: 4. 次の試験結果に差し替える
B153: 同じ分析ブックを次の試験でも使う場合は、読み込むファイルだけを差し替えます。集計の数式やグラフは自動で更新されます。
B154: No. | C154: 手順 | D154: 操作内容（詳しい手順） | E154: 入力値・設定値 | F154: 確認ポイント・補足
B155: 1 | C155: クエリの一覧を開く | D155: ［データ］→［クエリと接続］をクリックします。 | F155: 右側に「result」などのクエリが表示されます。
B156: 2 | C156: 編集 | D156: クエリを右クリック →［編集］で Power Query エディターを開きます。
B157: 3 | C157: ファイルの場所を変える | D157: 右側の「適用したステップ」の一番上［ソース］の歯車アイコンをクリックし、ファイルのパスを新しい result.jtl に変えて［OK］。
B158: 4 | C158: 読み込み | D158: ［ホーム］→［閉じて読み込む］をクリックします。 | F158: テーブル tblJTL の中身が新しい結果に置き換わります。
B160: ポイント | C160: ファイルの場所が同じで中身だけを上書きした場合は、［データ］→［すべて更新］だけで最新の内容になります。
B162: 参考 | C162: 3章の M コードで取り込んだ場合は、手順3 で［ソース］の歯車アイコンの代わりに、［ホーム］→［詳細エディター］を開いて FilePath の値を書き換え、［完了］をクリックします。
B165: 5. 大きな結果ファイルの扱い（100 万件を超える場合）
B167: Excel のシートに入る最大の行数は 1,048,576 行です。これを超える結果ファイルは、そのままでは読み込めません。次のいずれかの方法を使います。
B168: 方法 | D168: 手順 | F168: 特徴
B169: ① データモデルに読み込む | D169: 手順10で［閉じて次に読み込む］→「接続の作成のみ」と「このデータをデータ モデルに追加する」を選び、ピボットテーブルで集計する | F169: 数千万行でも扱える。ただしパーセンタイルの計算にはひと工夫が必要
B170: ② Power Query で集計してから読み込む | D170: Power Query エディターで［ホーム］→［グループ化］を使い、label と 1分ごとの単位で件数・平均などを集計してから読み込む | F170: シートには集計結果だけが入るため軽い
B171: ③ HTML レポートの statistics.json を使う | D171: report フォルダの statistics.json を［データ］→［データの取得］→［ファイルから］→［JSON から］で読み込む | F171: JMeter が全件から計算した統計値（パーセンタイルを含む）をそのまま使える
B174: statistics.json の読み込み手順と項目の意味
B176: No. | C176: 手順 | D176: 操作内容（詳しい手順） | E176: 入力値・設定値 | F176: 確認ポイント・補足
B177: 1 | C177: JSON を読み込む | D177: ［データ］→［データの取得］→［ファイルから］→［JSON から］→ report フォルダの statistics.json を選びます。
B178: 2 | C178: 表に変換 | D178: Power Query エディターで［変換］タブ（または［レコード ツール］）の［テーブルへの変換］をクリックします。 | F178: Name（ラベル名）と Value の2列になります。
B179: 3 | C179: 展開 | D179: Value の列見出しの右にある展開アイコン（左右の矢印）をクリックし、すべての項目を選んで［OK］。
B180: 4 | C180: 読み込み | D180: ［ホーム］→［閉じて読み込む］。 | F180: ラベルごとに1行の統計表ができます（Total は全体）。
B182: 項目名 | D182: 意味
B183: transaction | D183: ラベル名（Total は全体）
B184: sampleCount ／ errorCount ／ errorPct | D184: 件数 ／ エラー件数 ／ エラー率（％の数値）
B185: meanResTime ／ medianResTime | D185: 平均応答時間 ／ 中央値（ミリ秒）
B186: minResTime ／ maxResTime | D186: 最小 ／ 最大（ミリ秒）
B187: pct1ResTime ／ pct2ResTime ／ pct3ResTime | D187: 90 ／ 95 ／ 99 パーセンタイル（ミリ秒）
B188: throughput | D188: スループット（件/秒）
B189: receivedKBytesPerSec ／ sentKBytesPerSec | D189: 受信量 ／ 送信量（KB/秒）

Sheet 15_Excel分析
B1: 15 Excel での結果分析と報告書の作成
B2: 取り込んだ結果（テーブル tblJTL）から、API 別の統計表・時系列の集計・グラフを作り、目標値と比べて判定し、報告書にまとめる手順です。完成例は 16～18 のシートにあります。 | F2: ▲ 目次へ戻る
B4: 1. 分析ブックの構成（おすすめ）
B6: シート | D6: 内容 | F6: このブックの完成例
B7: JTL | D7: 取り込んだ生データ（テーブル tblJTL）＋ 分析用の補助列 | F7: 16_JTLサンプル
B8: 集計 | D8: 目標値と評価区間、試験全体の情報、API 別の統計（全区間・評価区間）と判定、エラーの内訳 | F8: 17_分析サンプル の1～5章
B9: 時系列・グラフ | D9: 1分ごとの件数・応答時間・エラー数と、そのグラフ | F9: 17_分析サンプル の6～7章
B10: 報告書 | D10: 提出用の様式 | F10: 18_報告書様式
B12: ポイント | C12: 16～18 のシートには、ダミーデータと数式が入った完成例があります。実際の分析では、16 の表を実データに置き換える（14 の手順で取り込んだ表に、下の補助列を追加する）と、17・18 の数値とグラフが自動で再計算されます。
B15: 2. STEP1：補助列を追加する
B17: tblJTL の右端の空いている列に見出しを入力すると、テーブルが自動で広がります。続けて1行目に数式を入力すると、全行に同じ数式が自動で入ります（[@列名] は「同じ行のその列」という意味です）。
B18: 列名（見出し） | D18: 数式（1行目に入力） | E18: 意味
B19: 開始日時JST | D19: =[@timeStamp]/86400000+DATE(1970,1,1)+TIME(9,0,0) | E19: 日本時間の開始日時（14 の手順9 や M コードで作った場合は不要）
B20: 終了ms | D20: =[@timeStamp]+[@elapsed] | E20: リクエストの終了時刻（ミリ秒）
B21: 経過秒 | D21: =([@timeStamp]-集計!$E$18)/1000 | E21: 試験開始からの経過秒。集計!$E$18 は試験開始（STEP2 の MIN）のセル
B22: 経過分 | D22: =INT([@経過秒]/60) | E22: 1分ごとに集計するための区分（0, 1, 2 …）
B23: エラー | D23: =IF(OR([@success]=FALSE,[@success]="false"),1,0) | E23: 失敗なら 1、成功なら 0（件数の合計に使う）
B24: 評価対象 | D24: =IF(AND([@経過秒]>=集計!$E$11,[@経過秒]<集計!$E$12),1,0) | E24: 評価区間（集計シートで入力する開始秒～終了秒）に開始したリクエストなら 1（STEP7 で使う）
B26: 参考 | C26: 完成例（16_JTLサンプル）では、「集計!$E$18」の部分が '17_分析サンプル'!$E$18 になっています。シート名に合わせて書き換えてください。
B29: 3. STEP2：試験全体の情報
B31: 項目 | D31: 数式 | E31: 表示形式
B32: 試験開始（エポックミリ秒） | D32: =MIN(tblJTL[timeStamp]) | E32: 0
B33: 試験開始（日本時間） | D33: =E18/86400000+DATE(1970,1,1)+TIME(9,0,0) | E33: yyyy/mm/dd hh:mm:ss
B34: 試験終了（日本時間） | D34: =MAX(tblJTL[終了ms])/86400000+DATE(1970,1,1)+TIME(9,0,0) | E34: yyyy/mm/dd hh:mm:ss
B35: 試験時間（秒） | D35: =(MAX(tblJTL[終了ms])-E18)/1000 | E35: #,##0.0
B36: 総リクエスト数 | D36: =COUNTA(tblJTL[label]) | E36: #,##0
B37: 総エラー数 | D37: =SUM(tblJTL[エラー]) | E37: #,##0
B38: 全体のエラー率 | D38: =IF(E22=0,0,E23/E22) | E38: 0.00%
B39: 最大スレッド数 | D39: =MAX(tblJTL[allThreads]) | E39: #,##0
B42: 4. STEP3：API（ラベル）別の統計表
B44: B 列にラベル名（例：A01_GET_items）を入れた行に、次の数式を入力します（例は 35 行目）。下の行へはコピーして使います。
B45: 項目 | D45: 数式（35 行目の例） | E45: 説明
B46: サンプル数 | D46: =COUNTIFS(tblJTL[label],$B35) | E46: そのラベルの件数
B47: 平均（ms） | D47: =AVERAGEIFS(tblJTL[elapsed],tblJTL[label],$B35) | E47: 平均応答時間
B48: 最小（ms） | D48: =AGGREGATE(15,6,tblJTL[elapsed]/(tblJTL[label]=$B35),1) | E48: 15＝SMALL（小さい方から1番目）
B49: 最大（ms） | D49: =AGGREGATE(14,6,tblJTL[elapsed]/(tblJTL[label]=$B35),1) | E49: 14＝LARGE（大きい方から1番目）
B50: 中央値（ms） | D50: =AGGREGATE(16,6,tblJTL[elapsed]/(tblJTL[label]=$B35),0.5) | E50: 16＝PERCENTILE.INC（50%）
B51: 90／95／99 パーセンタイル（ms） | D51: =AGGREGATE(16,6,tblJTL[elapsed]/(tblJTL[label]=$B35),0.9) | E51: 最後の 0.9 を 0.95、0.99 に変える
B52: エラー数 | D52: =SUMIFS(tblJTL[エラー],tblJTL[label],$B35) | E52: エラー列の合計
B53: エラー率 | D53: =IF(C35=0,0,K35/C35) | E53: エラー数÷サンプル数（表示形式 0.00%）
B54: スループット（件/秒） | D54: =IF(C35=0,0,C35/((AGGREGATE(14,6,tblJTL[終了ms]/(tblJTL[label]=$B35),1)-AGGREGATE(15,6,tblJTL[timeStamp]/(tblJTL[label]=$B35),1))/1000)) | E54: 件数÷（そのラベルの最初の開始～最後の終了の秒数）。JMeter と同じ考え方
B55: 判定 | D55: =IF($B35=$E$10,"対象外",IF(AND(I35<=$E$7,L35<$E$8),"OK","NG")) | E55: 95%tile と エラー率を目標値（E7・E8）と比べる
B58: AGGREGATE 関数のしくみ
B60: =AGGREGATE(16,6,tblJTL[elapsed]/(tblJTL[label]=$B35),0.95) は、次のように動きます。
B61: ・ | C61: (tblJTL[label]=$B35) は、各行のラベルが B35 と同じなら TRUE（＝1）、違えば FALSE（＝0）になります。
B62: ・ | C62: tblJTL[elapsed]/(…) で、対象のラベルの行は「応答時間÷1＝応答時間」、それ以外の行は「÷0」でエラー（#DIV/0!）になります。
B63: ・ | C63: 第2引数の 6 は「エラーの値を無視する」指定です。これにより、対象のラベルの応答時間だけが計算に使われます。
B64: ・ | C64: 第1引数の 16 は PERCENTILE.INC（パーセンタイル）、最後の 0.95 は 95% を表します。
B65: ・ | C65: Excel 2010 以降で使え、Ctrl＋Shift＋Enter（配列数式の入力）は不要です。
B66: 参考 | C66: Microsoft 365 では =PERCENTILE.INC(FILTER(tblJTL[elapsed],tblJTL[label]=$B35),0.95) や =MINIFS／=MAXIFS でも同じ結果になります。社内の Excel の版が混在する場合は、どの版でも動く AGGREGATE をおすすめします。
B68: 注意 | C68: パーセンタイルは計算方法の違いにより、JMeter（HTML レポート・Aggregate Report）と Excel で数ミリ秒ずれることがあります。報告書には、どちらの値を使ったかを明記してください。
B71: 5. STEP4：時系列（1分ごと）の集計
B73: 項目 | D73: 数式（63 行目の例。B63 に経過分 0, 1, 2 … を入力） | E73: 説明
B74: 時刻（JST） | D74: =$E$19+B63/1440 | E74: 試験開始＋経過分（1440＝1日の分数）。表示形式 hh:mm
B75: リクエスト数 | D75: =COUNTIFS(tblJTL[経過分],$B63) | E75: その1分間の件数
B76: スループット（件/秒） | D76: =D63/60 | E76: 1分間の件数÷60 秒
B77: 平均応答（ms） | D77: =IFERROR(AVERAGEIFS(tblJTL[elapsed],tblJTL[経過分],$B63),0)
B78: 95%tile（ms） | D78: =IFERROR(AGGREGATE(16,6,tblJTL[elapsed]/(tblJTL[経過分]=$B63),0.95),0)
B79: エラー数 | D79: =SUMIFS(tblJTL[エラー],tblJTL[経過分],$B63)
B80: 平均スレッド数 | D80: =IFERROR(AVERAGEIFS(tblJTL[allThreads],tblJTL[経過分],$B63),0) | E80: Ramp-up の様子が分かる
B82: 注意 | C82: 最初の1分（Ramp-up 中）と最後の1分（途中で終了）は件数が少なくなります。グラフを読むときや、スループットを評価するときに注意してください。
B85: 6. STEP5：グラフを作る（モノトーン）
B87: No. | C87: 手順 | D87: 操作内容（詳しい手順） | E87: 入力値・設定値 | F87: 確認ポイント・補足
B88: 1 | C88: 範囲を選ぶ | D88: 時系列の表の「時刻」列と、グラフにしたい列（例：平均応答・95%tile）を、Ctrl キーを押しながら見出しごとドラッグして選びます。
B89: 2 | C89: グラフを挿入 | D89: ［挿入］→［グラフ］グループの［折れ線］→［マーカー付き折れ線］をクリックします。
B90: 3 | C90: モノトーンにする | D90: グラフを選び、［グラフのデザイン］→［色の変更］→「モノクロ」のパレットを選びます。 | F90: 白黒印刷でも系列を区別できるよう、線の種類（実線・破線）も変えると見やすくなります。
B91: 4 | C91: タイトル・軸ラベル | D91: グラフ右上の［＋］（グラフ要素）→［軸ラベル］にチェックを入れ、「ミリ秒」「時刻（JST）」などと入力します。 | F91: 単位を必ず書きます。
B92: 5 | C92: 2軸のグラフ（任意） | D92: スレッド数など単位の違う系列は、系列を右クリック →［データ系列の書式設定］→［第2軸］を選びます。
B93: 6 | C93: フォント | D93: グラフ全体を選び、［ホーム］タブでフォントを Meiryo UI にします。
B94: 7 | C94: 報告書に貼る | D94: グラフを選んで Ctrl＋C → 報告書のシートで Ctrl＋V（図として貼るなら［形式を選択して貼り付け］→［図］）。
B97: 7. STEP6：ピボットテーブルで集計する（数式の代わりに）
B99: No. | C99: 手順 | D99: 操作内容（詳しい手順） | E99: 入力値・設定値 | F99: 確認ポイント・補足
B100: 1 | C100: 作成 | D100: tblJTL の中をクリック →［挿入］→［ピボットテーブル］→［新規ワークシート］→［OK］。
B101: 2 | C101: 行と値 | D101: フィールドの一覧から、label を「行」へ、elapsed を「値」へ3回ドラッグします。
B102: 3 | C102: 集計方法 | D102: 値の各フィールドを右クリック →［値の集計方法］で「個数」「平均」「最大値」に変えます。
B103: 4 | C103: エラー件数 | D103: エラー列を「値」にドラッグします（合計＝エラー件数）。
B104: 5 | C104: コード別の件数 | D104: responseCode を「列」にドラッグすると、ラベル×ステータスコードの件数表になります。 | F104: エラーの内訳の確認に便利です。
B105: 6 | C105: 時系列 | D105: 経過分を「行」にすると、1分ごとの集計になります。
B107: 注意 | C107: ピボットテーブルではパーセンタイルを計算できません。パーセンタイルは STEP3 の AGGREGATE 関数で求めます。
B110: 8. STEP7：定常状態の区間（評価区間）だけで評価する
B112: 試験の最初（Ramp-up 中）はスレッドが少なく、最後の数十秒は途中で終わるリクエストがあるため、全区間の値はシステムの実力を正しく表しません。そこで、負荷が一定になった「定常状態」の区間（評価区間）を決め、その区間のリクエストだけで統計と判定を行います。完成例は 17_分析サンプル の4章です。
B113: No. | C113: 手順 | D113: 操作内容（詳しい手順） | E113: 入力値・設定値 | F113: 確認ポイント・補足
B114: 1 | C114: 評価区間を決める | D114: Ramp-up が終わる時刻を開始、試験終了の 1 分前を終了にします（00 の6章の見積り表に計算結果があります）。 | E114: 例：開始 60 秒、終了 540 秒 | F114: 試験時間 600 秒・Ramp-up 60 秒の場合の例です。
B115: 2 | C115: 集計シートに入力 | D115: 目標値の表の下に、開始秒・終了秒の入力欄を作って値を入れます。 | E115: 17 の E11・E12 | F115: 全区間で評価したい場合は、開始＝0、終了＝99999 にします。
B116: 3 | C116: 補助列を追加 | D116: STEP1 の表の「評価対象」の列を tblJTL に追加します。 | E116: 評価対象 | F116: 評価区間に開始したリクエストが 1 になります。
B117: 4 | C117: 評価区間の統計表を作る | D117: STEP3 の表をコピーし、下の表のように条件を1つずつ追加します。 | F117: 全区間の表は参考として残しておきます。
B118: 5 | C118: 報告書に明記する | D118: 報告書の「試験条件」に評価区間を書きます（18 の3章）。 | F118: 評価区間を書かないと、読み手が数値の意味を誤解します。
B120: 項目 | D120: 数式（評価区間の表の 44 行目の例） | E120: STEP3 との違い
B121: 件数 | D121: =COUNTIFS(tblJTL[label],$B44,tblJTL[評価対象],1) | E121: 条件（評価対象＝1）を1つ追加
B122: 平均 | D122: =IF(C44=0,"―",AVERAGEIFS(tblJTL[elapsed],tblJTL[label],$B44,tblJTL[評価対象],1)) | E122: 件数が 0 のときは「―」を表示
B123: 95%tile | D123: =IF(C44=0,"―",AGGREGATE(16,6,tblJTL[elapsed]/((tblJTL[label]=$B44)*(tblJTL[評価対象]=1)),0.95)) | E123: 2つの条件を * でつなぐ（両方 TRUE のときだけ 1）
B124: エラー数 | D124: =SUMIFS(tblJTL[エラー],tblJTL[label],$B44,tblJTL[評価対象],1) | E124: 条件を1つ追加
B125: スループット | D125: =IF($E$27=0,0,C44/$E$27) | E125: 件数÷評価区間の長さ（秒）。$E$27 は =MAX(0,MIN(終了秒,試験時間)-MAX(0,開始秒)) のセル
B128: 9. STEP8：判定を見やすくする（条件付き書式）
B130: No. | C130: 手順 | D130: 操作内容（詳しい手順） | E130: 入力値・設定値 | F130: 確認ポイント・補足
B131: 1 | C131: 範囲を選ぶ | D131: 判定の列（例：N44:N46）を選びます。
B132: 2 | C132: ルールを作る | D132: ［ホーム］→［条件付き書式］→［セルの強調表示ルール］→［文字列］をクリックします。
B133: 3 | C133: 書式を決める | D133: 左の欄に NG と入力し、右の一覧で［ユーザー設定の書式］→ 塗りつぶし＝黒、フォント＝白・太字 →［OK］。 | E133: NG | F133: モノトーンでも NG が目立ちます。
B136: 10. STEP9：報告書を書く
B138: 章 | D138: 書くこと | F138: 情報源
...

Sheet 16_JTLサンプル
B1: 16 JTL サンプル（分析練習用のダミーデータ：10 スレッド・600 秒）
B2: 本シートは分析手順の練習用に作成した架空の結果データです（実在のシステムの結果ではありません）。列 B～R は JMeter が出力する JTL の標準の17列、列 S～X（明るい灰色の見出し）は分析用に追加した補助列で、数式が入っています。実際の分析では、14 の手順で取り込んだ表に置き換えます。 | U2: ▲ 目次へ戻る
B5: timeStamp | C5: elapsed | D5: label | E5: responseCode | F5: responseMessage | G5: threadName | H5: dataType | I5: success | J5: failureMessage | K5: bytes | L5: sentBytes | M5: grpThreads | N5: allThreads | O5: URL | P5: Latency | Q5: IdleTime | R5: Connect | S5: 開始日時JST | T5: 終了ms | U5: 経過秒 | V5: 経過分 | W5: エラー | X5: 評価対象
B6: 1790816400180 | C6: 186 | D6: T01_Cognito_Token | E6: 200 | F6: OK | G6: setUp_Token 1-1 | H6: text | I6: TRUE | K6: 1561 | L6: 463 | M6: 1 | N6: 1 | O6: https://example-auth.auth.ap-northeast-1.amazoncognito.com/oauth2/token | P6: 183 | Q6: 0 | R6: 58 | S6: =tblJTL[[#This Row],[timeStamp]]/86400000+DATE(1970,1,1)+TIME(9,0,0) -> 46296.417 | T6: =tblJTL[[#This Row],[timeStamp]]+tblJTL[[#This Row],[elapsed]] -> 1790816400366 | U6: =(tblJTL[[#This Row],[timeStamp]]-'17_分析サンプル'!$E$18)/1000 -> 0 | V6: =INT(tblJTL[[#This Row],[経過秒]]/60) -> 0 | W6: =IF(OR(tblJTL[[#This Row],[success]]=FALSE,tblJTL[[#This Row],[success]]="false"),1,0) -> 0 | X6: =IF(AND(tblJTL[[#This Row],[経過秒]]>='17_分析サンプル'!$E$11,tblJTL[[#This Row],[経過秒]]<'17_分析サンプル'!$E$12),1,0) -> 0
B7: 1790816402070 | C7: 157 | D7: A01_GET_items | E7: 200 | F7: OK | G7: TG01_API 1-1 | H7: text | I7: TRUE | K7: 1900 | L7: 1342 | M7: 1 | N7: 1 | O7: https://abcde12345.execute-api.ap-northeast-1.amazonaws.com/stg/items?limit=10 | P7: 149 | Q7: 0 | R7: 65 | S7: =tblJTL[[#This Row],[timeStamp]]/86400000+DATE(1970,1,1)+TIME(9,0,0) -> 46296.417 | T7: =tblJTL[[#This Row],[timeStamp]]+tblJTL[[#This Row],[elapsed]] -> 1790816402227 | U7: =(tblJTL[[#This Row],[timeStamp]]-'17_分析サンプル'!$E$18)/1000 -> 1.89 | V7: =INT(tblJTL[[#This Row],[経過秒]]/60) -> 0 | W7: =IF(OR(tblJTL[[#This Row],[success]]=FALSE,tblJTL[[#This Row],[success]]="false"),1,0) -> 0 | X7: =IF(AND(tblJTL[[#This Row],[経過秒]]>='17_分析サンプル'!$E$11,tblJTL[[#This Row],[経過秒]]<'17_分析サンプル'!$E$12),1,0) -> 0
B8: 1790816403475 | C8: 312 | D8: A02_POST_orders | E8: 201 | F8: Created | G8: TG01_API 1-1 | H8: text | I8: TRUE | K8: 414 | L8: 1478 | M8: 1 | N8: 1 | O8: https://abcde12345.execute-api.ap-northeast-1.amazonaws.com/stg/orders | P8: 305 | Q8: 0 | R8: 0 | S8: =tblJTL[[#This Row],[timeStamp]]/86400000+DATE(1970,1,1)+TIME(9,0,0) -> 46296.417 | T8: =tblJTL[[#This Row],[timeStamp]]+tblJTL[[#This Row],[elapsed]] -> 1790816403787 | U8: =(tblJTL[[#This Row],[timeStamp]]-'17_分析サンプル'!$E$18)/1000 -> 3.295 | V8: =INT(tblJTL[[#This Row],[経過秒]]/60) -> 0 | W8: =IF(OR(tblJTL[[#This Row],[success]]=FALSE,tblJTL[[#This Row],[success]]="false"),1,0) -> 0 | X8: =IF(AND(tblJTL[[#This Row],[経過秒]]>='17_分析サンプル'!$E$11,tblJTL[[#This Row],[経過秒]]<'17_分析サンプル'!$E$12),1,0) -> 0
B9: 1790816404942 | C9: 169 | D9: A01_GET_items | E9: 200 | F9: OK | G9: TG01_API 1-1 | H9: text | I9: TRUE | K9: 1879 | L9: 1342 | M9: 1 | N9: 1 | O9: https://abcde12345.execute-api.ap-northeast-1.amazonaws.com/stg/items?limit=10 | P9: 165 | Q9: 0 | R9: 0 | S9: =tblJTL[[#This Row],[timeStamp]]/86400000+DATE(1970,1,1)+TIME(9,0,0) -> 46296.417 | T9: =tblJTL[[#This Row],[timeStamp]]+tblJTL[[#This Row],[elapsed]] -> 1790816405111 | U9: =(tblJTL[[#This Row],[timeStamp]]-'17_分析サンプル'!$E$18)/1000 -> 4.762 | V9: =INT(tblJTL[[#This Row],[経過秒]]/60) -> 0 | W9: =IF(OR(tblJTL[[#This Row],[success]]=FALSE,tblJTL[[#This Row],[success]]="false"),1,0) -> 0 | X9: =IF(AND(tblJTL[[#This Row],[経過秒]]>='17_分析サンプル'!$E$11,tblJTL[[#This Row],[経過秒]]<'17_分析サンプル'!$E$12),1,0) -> 0
B10: 1790816406494 | C10: 379 | D10: A02_POST_orders | E10: 201 | F10: Created | G10: TG01_API 1-1 | H10: text | I10: TRUE | K10: 438 | L10: 1478 | M10: 1 | N10: 1 | O10: https://abcde12345.execute-api.ap-northeast-1.amazonaws.com/stg/orders | P10: 371 | Q10: 0 | R10: 0 | S10: =tblJTL[[#This Row],[timeStamp]]/86400000+DATE(1970,1,1)+TIME(9,0,0) -> 46296.417 | T10: =tblJTL[[#This Row],[timeStamp]]+tblJTL[[#This Row],[elapsed]] -> 1790816406873 | U10: =(tblJTL[[#This Row],[timeStamp]]-'17_分析サンプル'!$E$18)/1000 -> 6.314 | V10: =INT(tblJTL[[#This Row],[経過秒]]/60) -> 0 | W10: =IF(OR(tblJTL[[#This Row],[success]]=FALSE,tblJTL[[#This Row],[success]]="false"),1,0) -> 0 | X10: =IF(AND(tblJTL[[#This Row],[経過秒]]>='17_分析サンプル'!$E$11,tblJTL[[#This Row],[経過秒]]<'17_分析サンプル'!$E$12),1,0) -> 0
B11: 1790816408654 | C11: 135 | D11: A01_GET_items | E11: 200 | F11: OK | G11: TG01_API 1-1 | H11: text | I11: TRUE | K11: 1823 | L11: 1342 | M11: 2 | N11: 2 | O11: https://abcde12345.execute-api.ap-northeast-1.amazonaws.com/stg/items?limit=10 | P11: 127 | Q11: 0 | R11: 0 | S11: =tblJTL[[#This Row],[timeStamp]]/86400000+DATE(1970,1,1)+TIME(9,0,0) -> 46296.417 | T11: =tblJTL[[#This Row],[timeStamp]]+tblJTL[[#This Row],[elapsed]] -> 1790816408789 | U11: =(tblJTL[[#This Row],[timeStamp]]-'17_分析サンプル'!$E$18)/1000 -> 8.474 | V11: =INT(tblJTL[[#This Row],[経過秒]]/60) -> 0 | W11: =IF(OR(tblJTL[[#This Row],[success]]=FALSE,tblJTL[[#This Row],[success]]="false"),1,0) -> 0 | X11: =IF(AND(tblJTL[[#This Row],[経過秒]]>='17_分析サンプル'!$E$11,tblJTL[[#This Row],[経過秒]]<'17_分析サンプル'!$E$12),1,0) -> 0
B12: 1790816408853 | C12: 130 | D12: A01_GET_items | E12: 200 | F12: OK | G12: TG01_API 1-2 | H12: text | I12: TRUE | K12: 1866 | L12: 1342 | M12: 2 | N12: 2 | O12: https://abcde12345.execute-api.ap-northeast-1.amazonaws.com/stg/items?limit=10 | P12: 122 | Q12: 0 | R12: 52 | S12: =tblJTL[[#This Row],[timeStamp]]/86400000+DATE(1970,1,1)+TIME(9,0,0) -> 46296.417 | T12: =tblJTL[[#This Row],[timeStamp]]+tblJTL[[#This Row],[elapsed]] -> 1790816408983 | U12: =(tblJTL[[#This Row],[timeStamp]]-'17_分析サンプル'!$E$18)/1000 -> 8.673 | V12: =INT(tblJTL[[#This Row],[経過秒]]/60) -> 0 | W12: =IF(OR(tblJTL[[#This Row],[success]]=FALSE,tblJTL[[#This Row],[success]]="false"),1,0) -> 0 | X12: =IF(AND(tblJTL[[#This Row],[経過秒]]>='17_分析サンプル'!$E$11,tblJTL[[#This Row],[経過秒]]<'17_分析サンプル'!$E$12),1,0) -> 0
B13: 1790816410099 | C13: 223 | D13: A02_POST_orders | E13: 201 | F13: Created | G13: TG01_API 1-2 | H13: text | I13: TRUE | K13: 431 | L13: 1478 | M13: 2 | N13: 2 | O13: https://abcde12345.execute-api.ap-northeast-1.amazonaws.com/stg/orders | P13: 220 | Q13: 0 | R13: 0 | S13: =tblJTL[[#This Row],[timeStamp]]/86400000+DATE(1970,1,1)+TIME(9,0,0) -> 46296.417 | T13: =tblJTL[[#This Row],[timeStamp]]+tblJTL[[#This Row],[elapsed]] -> 1790816410322 | U13: =(tblJTL[[#This Row],[timeStamp]]-'17_分析サンプル'!$E$18)/1000 -> 9.919 | V13: =INT(tblJTL[[#This Row],[経過秒]]/60) -> 0 | W13: =IF(OR(tblJTL[[#This Row],[success]]=FALSE,tblJTL[[#This Row],[success]]="false"),1,0) -> 0 | X13: =IF(AND(tblJTL[[#This Row],[経過秒]]>='17_分析サンプル'!$E$11,tblJTL[[#This Row],[経過秒]]<'17_分析サンプル'!$E$12),1,0) -> 0
B14: 1790816410887 | C14: 211 | D14: A02_POST_orders | E14: 201 | F14: Created | G14: TG01_API 1-1 | H14: text | I14: TRUE | K14: 433 | L14: 1478 | M14: 2 | N14: 2 | O14: https://abcde12345.execute-api.ap-northeast-1.amazonaws.com/stg/orders | P14: 206 | Q14: 0 | R14: 0 | S14: =tblJTL[[#This Row],[timeStamp]]/86400000+DATE(1970,1,1)+TIME(9,0,0) -> 46296.417 | T14: =tblJTL[[#This Row],[timeStamp]]+tblJTL[[#This Row],[elapsed]] -> 1790816411098 | U14: =(tblJTL[[#This Row],[timeStamp]]-'17_分析サンプル'!$E$18)/1000 -> 10.707 | V14: =INT(tblJTL[[#This Row],[経過秒]]/60) -> 0 | W14: =IF(OR(tblJTL[[#This Row],[success]]=FALSE,tblJTL[[#This Row],[success]]="false"),1,0) -> 0 | X14: =IF(AND(tblJTL[[#This Row],[経過秒]]>='17_分析サンプル'!$E$11,tblJTL[[#This Row],[経過秒]]<'17_分析サンプル'!$E$12),1,0) -> 0
B15: 1790816412468 | C15: 82 | D15: A01_GET_items | E15: 200 | F15: OK | G15: TG01_API 1-1 | H15: text | I15: TRUE | K15: 1827 | L15: 1342 | M15: 2 | N15: 2 | O15: https://abcde12345.execute-api.ap-northeast-1.amazonaws.com/stg/items?limit=10 | P15: 76 | Q15: 0 | R15: 0 | S15: =tblJTL[[#This Row],[timeStamp]]/86400000+DATE(1970,1,1)+TIME(9,0,0) -> 46296.417 | T15: =tblJTL[[#This Row],[timeStamp]]+tblJTL[[#This Row],[elapsed]] -> 1790816412550 | U15: =(tblJTL[[#This Row],[timeStamp]]-'17_分析サンプル'!$E$18)/1000 -> 12.288 | V15: =INT(tblJTL[[#This Row],[経過秒]]/60) -> 0 | W15: =IF(OR(tblJTL[[#This Row],[success]]=FALSE,tblJTL[[#This Row],[success]]="false"),1,0) -> 0 | X15: =IF(AND(tblJTL[[#This Row],[経過秒]]>='17_分析サンプル'!$E$11,tblJTL[[#This Row],[経過秒]]<'17_分析サンプル'!$E$12),1,0) -> 0
B16: 1790816413019 | C16: 137 | D16: A01_GET_items | E16: 200 | F16: OK | G16: TG01_API 1-2 | H16: text | I16: TRUE | K16: 1855 | L16: 1342 | M16: 3 | N16: 3 | O16: https://abcde12345.execute-api.ap-northeast-1.amazonaws.com/stg/items?limit=10 | P16: 132 | Q16: 0 | R16: 0 | S16: =tblJTL[[#This Row],[timeStamp]]/86400000+DATE(1970,1,1)+TIME(9,0,0) -> 46296.417 | T16: =tblJTL[[#This Row],[timeStamp]]+tblJTL[[#This Row],[elapsed]] -> 1790816413156 | U16: =(tblJTL[[#This Row],[timeStamp]]-'17_分析サンプル'!$E$18)/1000 -> 12.839 | V16: =INT(tblJTL[[#This Row],[経過秒]]/60) -> 0 | W16: =IF(OR(tblJTL[[#This Row],[success]]=FALSE,tblJTL[[#This Row],[success]]="false"),1,0) -> 0 | X16: =IF(AND(tblJTL[[#This Row],[経過秒]]>='17_分析サンプル'!$E$11,tblJTL[[#This Row],[経過秒]]<'17_分析サンプル'!$E$12),1,0) -> 0
B17: 1790816414832 | C17: 316 | D17: A02_POST_orders | E17: 201 | F17: Created | G17: TG01_API 1-1 | H17: text | I17: TRUE | K17: 413 | L17: 1478 | M17: 3 | N17: 3 | O17: https://abcde12345.execute-api.ap-northeast-1.amazonaws.com/stg/orders | P17: 309 | Q17: 0 | R17: 0 | S17: =tblJTL[[#This Row],[timeStamp]]/86400000+DATE(1970,1,1)+TIME(9,0,0) -> 46296.417 | T17: =tblJTL[[#This Row],[timeStamp]]+tblJTL[[#This Row],[elapsed]] -> 1790816415148 | U17: =(tblJTL[[#This Row],[timeStamp]]-'17_分析サンプル'!$E$18)/1000 -> 14.652 | V17: =INT(tblJTL[[#This Row],[経過秒]]/60) -> 0 | W17: =IF(OR(tblJTL[[#This Row],[success]]=FALSE,tblJTL[[#This Row],[success]]="false"),1,0) -> 0 | X17: =IF(AND(tblJTL[[#This Row],[経過秒]]>='17_分析サンプル'!$E$11,tblJTL[[#This Row],[経過秒]]<'17_分析サンプル'!$E$12),1,0) -> 0
... B1094: 1790816670913 | C1094: 2378 | D1094: A02_POST_orders | E1094: 201 | F1094: Created | G1094: TG01_API 1-6 | H1094: text | I1094: TRUE | K1094: 438 | L1094: 1478 | M1094: 10 | N1094: 10 | O1094: https://abcde12345.execute-api.ap-northeast-1.amazonaws.com/stg/orders | P1094: 2372 | Q1094: 0 | R1094: 0 | S1094: =tblJTL[[#This Row],[timeStamp]]/86400000+DATE(1970,1,1)+TIME(9,0,0) -> 46296.42 | T1094: =tblJTL[[#This Row],[timeStamp]]+tblJTL[[#This Row],[elapsed]] -> 1790816673291 | U1094: =(tblJTL[[#This Row],[timeStamp]]-'17_分析サンプル'!$E$18)/1000 -> 270.733 | V1094: =INT(tblJTL[[#This Row],[経過秒]]/60) -> 4 | W1094: =IF(OR(tblJTL[[#This Row],[success]]=FALSE,tblJTL[[#This Row],[success]]="false"),1,0) -> 0 | X1094: =IF(AND(tblJTL[[#This Row],[経過秒]]>='17_分析サンプル'!$E$11,tblJTL[[#This Row],[経過秒]]<'17_分析サンプル'!$E$12),1,0) -> 1
B1095: 1790816673407 | C1095: 40 | D1095: A01_GET_items | E1095: 429 | F1095: Too Many Requests | G1095: TG01_API 1-10 | H1095: text | I1095: FALSE | J1095: Test failed: code expected to equal / ****** received : [[[429]]] ****** comparison: [[[200]]] / | K1095: 237 | L1095: 1342 | M1095: 10 | N1095: 10 | O1095: https://abcde12345.execute-api.ap-northeast-1.amazonaws.com/stg/items?limit=10 | P1095: 35 | Q1095: 0 | R1095: 0 | S1095: =tblJTL[[#This Row],[timeStamp]]/86400000+DATE(1970,1,1)+TIME(9,0,0) -> 46296.42 | T1095: =tblJTL[[#This Row],[timeStamp]]+tblJTL[[#This Row],[elapsed]] -> 1790816673447 | U1095: =(tblJTL[[#This Row],[timeStamp]]-'17_分析サンプル'!$E$18)/1000 -> 273.227 | V1095: =INT(tblJTL[[#This Row],[経過秒]]/60) -> 4 | W1095: =IF(OR(tblJTL[[#This Row],[success]]=FALSE,tblJTL[[#This Row],[success]]="false"),1,0) -> 1 | X1095: =IF(AND(tblJTL[[#This Row],[経過秒]]>='17_分析サンプル'!$E$11,tblJTL[[#This Row],[経過秒]]<'17_分析サンプル'!$E$12),1,0) -> 1
B1096: 1790816673384 | C1096: 180 | D1096: A01_GET_items | E1096: 200 | F1096: OK | G1096: TG01_API 1-7 | H1096: text | I1096: TRUE | K1096: 1837 | L1096: 1342 | M1096: 10 | N1096: 10 | O1096: https://abcde12345.execute-api.ap-northeast-1.amazonaws.com/stg/items?limit=10 | P1096: 177 | Q1096: 0 | R1096: 0 | S1096: =tblJTL[[#This Row],[timeStamp]]/86400000+DATE(1970,1,1)+TIME(9,0,0) -> 46296.42 | T1096: =tblJTL[[#This Row],[timeStamp]]+tblJTL[[#This Row],[elapsed]] -> 1790816673564 | U1096: =(tblJTL[[#This Row],[timeStamp]]-'17_分析サンプル'!$E$18)/1000 -> 273.204 | V1096: =INT(tblJTL[[#This Row],[経過秒]]/60) -> 4 | W1096: =IF(OR(tblJTL[[#This Row],[success]]=FALSE,tblJTL[[#This Row],[success]]="false"),1,0) -> 0 | X1096: =IF(AND(tblJTL[[#This Row],[経過秒]]>='17_分析サンプル'!$E$11,tblJTL[[#This Row],[経過秒]]<'17_分析サンプル'!$E$12),1,0) -> 1
B1097: 1790816673591 | C1097: 569 | D1097: A02_POST_orders | E1097: 201 | F1097: Created | G1097: TG01_API 1-5 | H1097: text | I1097: TRUE | K1097: 414 | L1097: 1478 | M1097: 10 | N1097: 10 | O1097: https://abcde12345.execute-api.ap-northeast-1.amazonaws.com/stg/orders | P1097: 561 | Q1097: 0 | R1097: 0 | S1097: =tblJTL[[#This Row],[timeStamp]]/86400000+DATE(1970,1,1)+TIME(9,0,0) -> 46296.42 | T1097: =tblJTL[[#This Row],[timeStamp]]+tblJTL[[#This Row],[elapsed]] -> 1790816674160 | U1097: =(tblJTL[[#This Row],[timeStamp]]-'17_分析サンプル'!$E$18)/1000 -> 273.411 | V1097: =INT(tblJTL[[#This Row],[経過秒]]/60) -> 4 | W1097: =IF(OR(tblJTL[[#This Row],[success]]=FALSE,tblJTL[[#This Row],[success]]="false"),1,0) -> 0 | X1097: =IF(AND(tblJTL[[#This Row],[経過秒]]>='17_分析サンプル'!$E$11,tblJTL[[#This Row],[経過秒]]<'17_分析サンプル'!$E$12),1,0) -> 1
B1098: 1790816673968 | C1098: 257 | D1098: A01_GET_items | E1098: 200 | F1098: OK | G1098: TG01_API 1-2 | H1098: text | I1098: TRUE | K1098: 1881 | L1098: 1342 | M1098: 10 | N1098: 10 | O1098: https://abcde12345.execute-api.ap-northeast-1.amazonaws.com/stg/items?limit=10 | P1098: 255 | Q1098: 0 | R1098: 0 | S1098: =tblJTL[[#This Row],[timeStamp]]/86400000+DATE(1970,1,1)+TIME(9,0,0) -> 46296.42 | T1098: =tblJTL[[#This Row],[timeStamp]]+tblJTL[[#This Row],[elapsed]] -> 1790816674225 | U1098: =(tblJTL[[#This Row],[timeStamp]]-'17_分析サンプル'!$E$18)/1000 -> 273.788 | V1098: =INT(tblJTL[[#This Row],[経過秒]]/60) -> 4 | W1098: =IF(OR(tblJTL[[#This Row],[success]]=FALSE,tblJTL[[#This Row],[success]]="false"),1,0) -> 0 | X1098: =IF(AND(tblJTL[[#This Row],[経過秒]]>='17_分析サンプル'!$E$11,tblJTL[[#This Row],[経過秒]]<'17_分析サンプル'!$E$12),1,0) -> 1
B1099: 1790816674354 | C1099: 167 | D1099: A01_GET_items | E1099: 200 | F1099: OK | G1099: TG01_API 1-9 | H1099: text | I1099: TRUE | K1099: 1897 | L1099: 1342 | M1099: 10 | N1099: 10 | O1099: https://abcde12345.execute-api.ap-northeast-1.amazonaws.com/stg/items?limit=10 | P1099: 159 | Q1099: 0 | R1099: 0 | S1099: =tblJTL[[#This Row],[timeStamp]]/86400000+DATE(1970,1,1)+TIME(9,0,0) -> 46296.42 | T1099: =tblJTL[[#This Row],[timeStamp]]+tblJTL[[#This Row],[elapsed]] -> 1790816674521 | U1099: =(tblJTL[[#This Row],[timeStamp]]-'17_分析サンプル'!$E$18)/1000 -> 274.174 | V1099: =INT(tblJTL[[#This Row],[経過秒]]/60) -> 4 | W1099: =IF(OR(tblJTL[[#This Row],[success]]=FALSE,tblJTL[[#This Row],[success]]="false"),1,0) -> 0 | X1099: =IF(AND(tblJTL[[#This Row],[経過秒]]>='17_分析サンプル'!$E$11,tblJTL[[#This Row],[経過秒]]<'17_分析サンプル'!$E$12),1,0) -> 1
B1100: 1790816674442 | C1100: 219 | D1100: A01_GET_items | E1100: 200 | F1100: OK | G1100: TG01_API 1-6 | H1100: text | I1100: TRUE | K1100: 1865 | L1100: 1342 | M1100: 10 | N1100: 10 | O1100: https://abcde12345.execute-api.ap-northeast-1.amazonaws.com/stg/items?limit=10 | P1100: 216 | Q1100: 0 | R1100: 0 | S1100: =tblJTL[[#This Row],[timeStamp]]/86400000+DATE(1970,1,1)+TIME(9,0,0) -> 46296.42 | T1100: =tblJTL[[#This Row],[timeStamp]]+tblJTL[[#This Row],[elapsed]] -> 1790816674661 | U1100: =(tblJTL[[#This Row],[timeStamp]]-'17_分析サンプル'!$E$18)/1000 -> 274.262 | V1100: =INT(tblJTL[[#This Row],[経過秒]]/60) -> 4 | W1100: =IF(OR(tblJTL[[#This Row],[success]]=FALSE,tblJTL[[#This Row],[success]]="false"),1,0) -> 0 | X1100: =IF(AND(tblJTL[[#This Row],[経過秒]]>='17_分析サンプル'!$E$11,tblJTL[[#This Row],[経過秒]]<'17_分析サンプル'!$E$12),1,0) -> 1
B1101: 1790816672743 | C1101: 1957 | D1101: A02_POST_orders | E1101: 201 | F1101: Created | G1101: TG01_API 1-1 | H1101: text | I1101: TRUE | K1101: 429 | L1101: 1478 | M1101: 10 | N1101: 10 | O1101: https://abcde12345.execute-api.ap-northeast-1.amazonaws.com/stg/orders | P1101: 1952 | Q1101: 0 | R1101: 0 | S1101: =tblJTL[[#This Row],[timeStamp]]/86400000+DATE(1970,1,1)+TIME(9,0,0) -> 46296.42 | T1101: =tblJTL[[#This Row],[timeStamp]]+tblJTL[[#This Row],[elapsed]] -> 1790816674700 | U1101: =(tblJTL[[#This Row],[timeStamp]]-'17_分析サンプル'!$E$18)/1000 -> 272.563 | V1101: =INT(tblJTL[[#This Row],[経過秒]]/60) -> 4 | W1101: =IF(OR(tblJTL[[#This Row],[success]]=FALSE,tblJTL[[#This Row],[success]]="false"),1,0) -> 0 | X1101: =IF(AND(tblJTL[[#This Row],[経過秒]]>='17_分析サンプル'!$E$11,tblJTL[[#This Row],[経過秒]]<'17_分析サンプル'!$E$12),1,0) -> 1
B1102: 1790816673305 | C1102: 1928 | D1102: A02_POST_orders | E1102: 201 | F1102: Created | G1102: TG01_API 1-8 | H1102: text | I1102: TRUE | K1102: 438 | L1102: 1478 | M1102: 10 | N1102: 10 | O1102: https://abcde12345.execute-api.ap-northeast-1.amazonaws.com/stg/orders | P1102: 1920 | Q1102: 0 | R1102: 0 | S1102: =tblJTL[[#This Row],[timeStamp]]/86400000+DATE(1970,1,1)+TIME(9,0,0) -> 46296.42 | T1102: =tblJTL[[#This Row],[timeStamp]]+tblJTL[[#This Row],[elapsed]] -> 1790816675233 | U1102: =(tblJTL[[#This Row],[timeStamp]]-'17_分析サンプル'!$E$18)/1000 -> 273.125 | V1102: =INT(tblJTL[[#This Row],[経過秒]]/60) -> 4 | W1102: =IF(OR(tblJTL[[#This Row],[success]]=FALSE,tblJTL[[#This Row],[success]]="false"),1,0) -> 0 | X1102: =IF(AND(tblJTL[[#This Row],[経過秒]]>='17_分析サンプル'!$E$11,tblJTL[[#This Row],[経過秒]]<'17_分析サンプル'!$E$12),1,0) -> 1
B1103: 1790816674993 | C1103: 970 | D1103: A02_POST_orders | E1103: 201 | F1103: Created | G1103: TG01_API 1-4 | H1103: text | I1103: TRUE | K1103: 436 | L1103: 1478 | M1103: 10 | N1103: 10 | O1103: https://abcde12345.execute-api.ap-northeast-1.amazonaws.com/stg/orders | P1103: 963 | Q1103: 0 | R1103: 0 | S1103: =tblJTL[[#This Row],[timeStamp]]/86400000+DATE(1970,1,1)+TIME(9,0,0) -> 46296.42 | T1103: =tblJTL[[#This Row],[timeStamp]]+tblJTL[[#This Row],[elapsed]] -> 1790816675963 | U1103: =(tblJTL[[#This Row],[timeStamp]]-'17_分析サンプル'!$E$18)/1000 -> 274.813 | V1103: =INT(tblJTL[[#This Row],[経過秒]]/60) -> 4 | W1103: =IF(OR(tblJTL[[#This Row],[success]]=FALSE,tblJTL[[#This Row],[success]]="false"),1,0) -> 0 | X1103: =IF(AND(tblJTL[[#This Row],[経過秒]]>='17_分析サンプル'!$E$11,tblJTL[[#This Row],[経過秒]]<'17_分析サンプル'!$E$12),1,0) -> 1
B1104: 1790816675673 | C1104: 374 | D1104: A01_GET_items | E1104: 200 | F1104: OK | G1104: TG01_API 1-3 | H1104: text | I1104: TRUE | K1104: 1878 | L1104: 1342 | M1104: 10 | N1104: 10 | O1104: https://abcde12345.execute-api.ap-northeast-1.amazonaws.com/stg/items?limit=10 | P1104: 369 | Q1104: 0 | R1104: 0 | S1104: =tblJTL[[#This Row],[timeStamp]]/86400000+DATE(1970,1,1)+TIME(9,0,0) -> 46296.42 | T1104: =tblJTL[[#This Row],[timeStamp]]+tblJTL[[#This Row],[elapsed]] -> 1790816676047 | U1104: =(tblJTL[[#This Row],[timeStamp]]-'17_分析サンプル'!$E$18)/1000 -> 275.493 | V1104: =INT(tblJTL[[#This Row],[経過秒]]/60) -> 4 | W1104: =IF(OR(tblJTL[[#This Row],[success]]=FALSE,tblJTL[[#This Row],[success]]="false"),1,0) -> 0 | X1104: =IF(AND(tblJTL[[#This Row],[経過秒]]>='17_分析サンプル'!$E$11,tblJTL[[#This Row],[経過秒]]<'17_分析サンプル'!$E$12),1,0) -> 1
B1105: 1790816675835 | C1105: 350 | D1105: A01_GET_items | E1105: 200 | F1105: OK | G1105: TG01_API 1-5 | H1105: text | I1105: TRUE | K1105: 1879 | L1105: 1342 | M1105: 10 | N1105: 10 | O1105: https://abcde12345.execute-api.ap-northeast-1.amazonaws.com/stg/items?limit=10 | P1105: 343 | Q1105: 0 | R1105: 0 | S1105: =tblJTL[[#This Row],[timeStamp]]/86400000+DATE(1970,1,1)+TIME(9,0,0) -> 46296.42 | T1105: =tblJTL[[#This Row],[timeStamp]]+tblJTL[[#This Row],[elapsed]] -> 1790816676185 | U1105: =(tblJTL[[#This Row],[timeStamp]]-'17_分析サンプル'!$E$18)/1000 -> 275.655 | V1105: =INT(tblJTL[[#This Row],[経過秒]]/60) -> 4 | W1105: =IF(OR(tblJTL[[#This Row],[success]]=FALSE,tblJTL[[#This Row],[success]]="false"),1,0) -> 0 | X1105: =IF(AND(tblJTL[[#This Row],[経過秒]]>='17_分析サンプル'!$E$11,tblJTL[[#This Row],[経過秒]]<'17_分析サンプル'!$E$12),1,0) -> 1
B1106: 1790816674952 | C1106: 1399 | D1106: A02_POST_orders | E1106: 201 | F1106: Created | G1106: TG01_API 1-7 | H1106: text | I1106: TRUE | K1106: 433 | L1106: 1478 | M1106: 10 | N1106: 10 | O1106: https://abcde12345.execute-api.ap-northeast-1.amazonaws.com/stg/orders | P1106: 1394 | Q1106: 0 | R1106: 0 | S1106: =tblJTL[[#This Row],[timeStamp]]/86400000+DATE(1970,1,1)+TIME(9,0,0) -> 46296.42 | T1106: =tblJTL[[#This Row],[timeStamp]]+tblJTL[[#This Row],[elapsed]] -> 1790816676351 | U1106: =(tblJTL[[#This Row],[timeStamp]]-'17_分析サンプル'!$E$18)/1000 -> 274.772 | V1106: =INT(tblJTL[[#This Row],[経過秒]]/60) -> 4 | W1106: =IF(OR(tblJTL[[#This Row],[success]]=FALSE,tblJTL[[#This Row],[success]]="false"),1,0) -> 0 | X1106: =IF(AND(tblJTL[[#This Row],[経過秒]]>='17_分析サンプル'!$E$11,tblJTL[[#This Row],[経過秒]]<'17_分析サンプル'!$E$12),1,0) -> 1
B1107: 1790816676373 | C1107: 1074 | D1107: A02_POST_orders | E1107: 201 | F1107: Created | G1107: TG01_API 1-9 | H1107: text | I1107: TRUE | K1107: 434 | L1107: 1478 | M1107: 10 | N1107: 10 | O1107: https://abcde12345.execute-api.ap-northeast-1.amazonaws.com/stg/orders | P1107: 1067 | Q1107: 0 | R1107: 0 | S1107: =tblJTL[[#This Row],[timeStamp]]/86400000+DATE(1970,1,1)+TIME(9,0,0) -> 46296.42 | T1107: =tblJTL[[#This Row],[timeStamp]]+tblJTL[[#This Row],[elapsed]] -> 1790816677447 | U1107: =(tblJTL[[#This Row],[timeStamp]]-'17_分析サンプル'!$E$18)/1000 -> 276.193 | V1107: =INT(tblJTL[[#This Row],[経過秒]]/60) -> 4 | W1107: =IF(OR(tblJTL[[#This Row],[success]]=FALSE,tblJTL[[#This Row],[success]]="false"),1,0) -> 0 | X1107: =IF(AND(tblJTL[[#This Row],[経過秒]]>='17_分析サンプル'!$E$11,tblJTL[[#This Row],[経過秒]]<'17_分析サンプル'!$E$12),1,0) -> 1
... B1128: 1790816680921 | C1128: 2319 | D1128: A02_POST_orders | E1128: 201 | F1128: Created | G1128: TG01_API 1-7 | H1128: text | I1128: TRUE | K1128: 431 | L1128: 1478 | M1128: 10 | N1128: 10 | O1128: https://abcde12345.execute-api.ap-northeast-1.amazonaws.com/stg/orders | P1128: 2314 | Q1128: 0 | R1128: 0 | S1128: =tblJTL[[#This Row],[timeStamp]]/86400000+DATE(1970,1,1)+TIME(9,0,0) -> 46296.42 | T1128: =tblJTL[[#This Row],[timeStamp]]+tblJTL[[#This Row],[elapsed]] -> 1790816683240 | U1128: =(tblJTL[[#This Row],[timeStamp]]-'17_分析サンプル'!$E$18)/1000 -> 280.741 | V1128: =INT(tblJTL[[#This Row],[経過秒]]/60) -> 4 | W1128: =IF(OR(tblJTL[[#This Row],[success]]=FALSE,tblJTL[[#This Row],[success]]="false"),1,0) -> 0 | X1128: =IF(AND(tblJTL[[#This Row],[経過秒]]>='17_分析サンプル'!$E$11,tblJTL[[#This Row],[経過秒]]<'17_分析サンプル'!$E$12),1,0) -> 1
B1129: 1790816683565 | C1129: 48 | D1129: A02_POST_orders | E1129: 429 | F1129: Too Many Requests | G1129: TG01_API 1-2 | H1129: text | I1129: FALSE | J1129: Test failed: code expected to equal / ****** received : [[[429]]] ****** comparison: [[[201]]] / | K1129: 237 | L1129: 1478 | M1129: 10 | N1129: 10 | O1129: https://abcde12345.execute-api.ap-northeast-1.amazonaws.com/stg/orders | P1129: 43 | Q1129: 0 | R1129: 0 | S1129: =tblJTL[[#This Row],[timeStamp]]/86400000+DATE(1970,1,1)+TIME(9,0,0) -> 46296.42 | T1129: =tblJTL[[#This Row],[timeStamp]]+tblJTL[[#This Row],[elapsed]] -> 1790816683613 | U1129: =(tblJTL[[#This Row],[timeStamp]]-'17_分析サンプル'!$E$18)/1000 -> 283.385 | V1129: =INT(tblJTL[[#This Row],[経過秒]]/60) -> 4 | W1129: =IF(OR(tblJTL[[#This Row],[success]]=FALSE,tblJTL[[#This Row],[success]]="false"),1,0) -> 1 | X1129: =IF(AND(tblJTL[[#This Row],[経過秒]]>='17_分析サンプル'!$E$11,tblJTL[[#This Row],[経過秒]]<'17_分析サンプル'!$E$12),1,0) -> 1
B1130: 1790816683697 | C1130: 157 | D1130: A01_GET_items | E1130: 200 | F1130: OK | G1130: TG01_API 1-9 | H1130: text | I1130: TRUE | K1130: 1843 | L1130: 1342 | M1130: 10 | N1130: 10 | O1130: https://abcde12345.execute-api.ap-northeast-1.amazonaws.com/stg/items?limit=10 | P1130: 153 | Q1130: 0 | R1130: 0 | S1130: =tblJTL[[#This Row],[timeStamp]]/86400000+DATE(1970,1,1)+TIME(9,0,0) -> 46296.42 | T1130: =tblJTL[[#This Row],[timeStamp]]+tblJTL[[#This Row],[elapsed]] -> 1790816683854 | U1130: =(tblJTL[[#This Row],[timeStamp]]-'17_分析サンプル'!$E$18)/1000 -> 283.517 | V1130: =INT(tblJTL[[#This Row],[経過秒]]/60) -> 4 | W1130: =IF(OR(tblJTL[[#This Row],[success]]=FALSE,tblJTL[[#This Row],[success]]="false"),1,0) -> 0 | X1130: =IF(AND(tblJTL[[#This Row],[経過秒]]>='17_分析サンプル'!$E$11,tblJTL[[#This Row],[経過秒]]<'17_分析サンプル'!$E$12),1,0) -> 1
B1131: 1790816681591 | C1131: 2572 | D1131: A02_POST_orders | E1131: 201 | F1131: Created | G1131: TG01_API 1-6 | H1131: text | I1131: TRUE | K1131: 416 | L1131: 1478 | M1131: 10 | N1131: 10 | O1131: https://abcde12345.execute-api.ap-northeast-1.amazonaws.com/stg/orders | P1131: 2567 | Q1131: 0 | R1131: 0 | S1131: =tblJTL[[#This Row],[timeStamp]]/86400000+DATE(1970,1,1)+TIME(9,0,0) -> 46296.42 | T1131: =tblJTL[[#This Row],[timeStamp]]+tblJTL[[#This Row],[elapsed]] -> 1790816684163 | U1131: =(tblJTL[[#This Row],[timeStamp]]-'17_分析サンプル'!$E$18)/1000 -> 281.411 | V1131: =INT(tblJTL[[#This Row],[経過秒]]/60) -> 4 | W1131: =IF(OR(tblJTL[[#This Row],[success]]=FALSE,tblJTL[[#This Row],[success]]="false"),1,0) -> 0 | X1131: =IF(AND(tblJTL[[#This Row],[経過秒]]>='17_分析サンプル'!$E$11,tblJTL[[#This Row],[経過秒]]<'17_分析サンプル'!$E$12),1,0) -> 1
B1132: 1790816684286 | C1132: 563 | D1132: A02_POST_orders | E1132: 201 | F1132: Created | G1132: TG01_API 1-5 | H1132: text | I1132: TRUE | K1132: 413 | L1132: 1478 | M1132: 10 | N1132: 10 | O1132: https://abcde12345.execute-api.ap-northeast-1.amazonaws.com/stg/orders | P1132: 558 | Q1132: 0 | R1132: 0 | S1132: =tblJTL[[#This Row],[timeStamp]]/86400000+DATE(1970,1,1)+TIME(9,0,0) -> 46296.42 | T1132: =tblJTL[[#This Row],[timeStamp]]+tblJTL[[#This Row],[elapsed]] -> 1790816684849 | U1132: =(tblJTL[[#This Row],[timeStamp]]-'17_分析サンプル'!$E$18)/1000 -> 284.106 | V1132: =INT(tblJTL[[#This Row],[経過秒]]/60) -> 4 | W1132: =IF(OR(tblJTL[[#This Row],[success]]=FALSE,tblJTL[[#This Row],[success]]="false"),1,0) -> 0 | X1132: =IF(AND(tblJTL[[#This Row],[経過秒]]>='17_分析サンプル'!$E$11,tblJTL[[#This Row],[経過秒]]<'17_分析サンプル'!$E$12),1,0) -> 1
B1133: 1790816684665 | C1133: 255 | D1133: A01_GET_items | E1133: 200 | F1133: OK | G1133: TG01_API 1-2 | H1133: text | I1133: TRUE | K1133: 1829 | L1133: 1342 | M1133: 10 | N1133: 10 | O1133: https://abcde12345.execute-api.ap-northeast-1.amazonaws.com/stg/items?limit=10 | P1133: 253 | Q1133: 0 | R1133: 0 | S1133: =tblJTL[[#This Row],[timeStamp]]/86400000+DATE(1970,1,1)+TIME(9,0,0) -> 46296.42 | T1133: =tblJTL[[#This Row],[timeStamp]]+tblJTL[[#This Row],[elapsed]] -> 1790816684920 | U1133: =(tblJTL[[#This Row],[timeStamp]]-'17_分析サンプル'!$E$18)/1000 -> 284.485 | V1133: =INT(tblJTL[[#This Row],[経過秒]]/60) -> 4 | W1133: =IF(OR(tblJTL[[#This Row],[success]]=FALSE,tblJTL[[#This Row],[success]]="false"),1,0) -> 0 | X1133: =IF(AND(tblJTL[[#This Row],[経過秒]]>='17_分析サンプル'!$E$11,tblJTL[[#This Row],[経過秒]]<'17_分析サンプル'!$E$12),1,0) -> 1
B1134: 1790816684901 | C1134: 241 | D1134: A01_GET_items | E1134: 200 | F1134: OK | G1134: TG01_API 1-8 | H1134: text | I1134: TRUE | K1134: 1827 | L1134: 1342 | M1134: 10 | N1134: 10 | O1134: https://abcde12345.execute-api.ap-northeast-1.amazonaws.com/stg/items?limit=10 | P1134: 238 | Q1134: 0 | R1134: 0 | S1134: =tblJTL[[#This Row],[timeStamp]]/86400000+DATE(1970,1,1)+TIME(9,0,0) -> 46296.42 | T1134: =tblJTL[[#This Row],[timeStamp]]+tblJTL[[#This Row],[elapsed]] -> 1790816685142 | U1134: =(tblJTL[[#This Row],[timeStamp]]-'17_分析サンプル'!$E$18)/1000 -> 284.721 | V1134: =INT(tblJTL[[#This Row],[経過秒]]/60) -> 4 | W1134: =IF(OR(tblJTL[[#This Row],[success]]=FALSE,tblJTL[[#This Row],[success]]="false"),1,0) -> 0 | X1134: =IF(AND(tblJTL[[#This Row],[経過秒]]>='17_分析サンプル'!$E$11,tblJTL[[#This Row],[経過秒]]<'17_分析サンプル'!$E$12),1,0) -> 1
B1135: 1790816684454 | C1135: 754 | D1135: A02_POST_orders | E1135: 201 | F1135: Created | G1135: TG01_API 1-1 | H1135: text | I1135: TRUE | K1135: 427 | L1135: 1478 | M1135: 10 | N1135: 10 | O1135: https://abcde12345.execute-api.ap-northeast-1.amazonaws.com/stg/orders | P1135: 748 | Q1135: 0 | R1135: 0 | S1135: =tblJTL[[#This Row],[timeStamp]]/86400000+DATE(1970,1,1)+TIME(9,0,0) -> 46296.42 | T1135: =tblJTL[[#This Row],[timeStamp]]+tblJTL[[#This Row],[elapsed]] -> 1790816685208 | U1135: =(tblJTL[[#This Row],[timeStamp]]-'17_分析サンプル'!$E$18)/1000 -> 284.274 | V1135: =INT(tblJTL[[#This Row],[経過秒]]/60) -> 4 | W1135: =IF(OR(tblJTL[[#This Row],[success]]=FALSE,tblJTL[[#This Row],[success]]="false"),1,0) -> 0 | X1135: =IF(AND(tblJTL[[#This Row],[経過秒]]>='17_分析サンプル'!$E$11,tblJTL[[#This Row],[経過秒]]<'17_分析サンプル'!$E$12),1,0) -> 1
B1136: 1790816684400 | C1136: 1256 | D1136: A02_POST_orders | E1136: 201 | F1136: Created | G1136: TG01_API 1-3 | H1136: text | I1136: TRUE | K1136: 416 | L1136: 1478 | M1136: 10 | N1136: 10 | O1136: https://abcde12345.execute-api.ap-northeast-1.amazonaws.com/stg/orders | P1136: 1250 | Q1136: 0 | R1136: 0 | S1136: =tblJTL[[#This Row],[timeStamp]]/86400000+DATE(1970,1,1)+TIME(9,0,0) -> 46296.42 | T1136: =tblJTL[[#This Row],[timeStamp]]+tblJTL[[#This Row],[elapsed]] -> 1790816685656 | U1136: =(tblJTL[[#This Row],[timeStamp]]-'17_分析サンプル'!$E$18)/1000 -> 284.22 | V1136: =INT(tblJTL[[#This Row],[経過秒]]/60) -> 4 | W1136: =IF(OR(tblJTL[[#This Row],[success]]=FALSE,tblJTL[[#This Row],[success]]="false"),1,0) -> 0 | X1136: =IF(AND(tblJTL[[#This Row],[経過秒]]>='17_分析サンプル'!$E$11,tblJTL[[#This Row],[経過秒]]<'17_分析サンプル'!$E$12),1,0) -> 1
B1137: 1790816685478 | C1137: 196 | D1137: A01_GET_items | E1137: 200 | F1137: OK | G1137: TG01_API 1-4 | H1137: text | I1137: TRUE | K1137: 1869 | L1137: 1342 | M1137: 10 | N1137: 10 | O1137: https://abcde12345.execute-api.ap-northeast-1.amazonaws.com/stg/items?limit=10 | P1137: 193 | Q1137: 0 | R1137: 0 | S1137: =tblJTL[[#This Row],[timeStamp]]/86400000+DATE(1970,1,1)+TIME(9,0,0) -> 46296.42 | T1137: =tblJTL[[#This Row],[timeStamp]]+tblJTL[[#This Row],[elapsed]] -> 1790816685674 | U1137: =(tblJTL[[#This Row],[timeStamp]]-'17_分析サンプル'!$E$18)/1000 -> 285.298 | V1137: =INT(tblJTL[[#This Row],[経過秒]]/60) -> 4 | W1137: =IF(OR(tblJTL[[#This Row],[success]]=FALSE,tblJTL[[#This Row],[success]]="false"),1,0) -> 0 | X1137: =IF(AND(tblJTL[[#This Row],[経過秒]]>='17_分析サンプル'!$E$11,tblJTL[[#This Row],[経過秒]]<'17_分析サンプル'!$E$12),1,0) -> 1
B1138: 1790816685530 | C1138: 259 | D1138: A01_GET_items | E1138: 200 | F1138: OK | G1138: TG01_API 1-6 | H1138: text | I1138: TRUE | K1138: 1859 | L1138: 1342 | M1138: 10 | N1138: 10 | O1138: https://abcde12345.execute-api.ap-northeast-1.amazonaws.com/stg/items?limit=10 | P1138: 254 | Q1138: 0 | R1138: 0 | S1138: =tblJTL[[#This Row],[timeStamp]]/86400000+DATE(1970,1,1)+TIME(9,0,0) -> 46296.42 | T1138: =tblJTL[[#This Row],[timeStamp]]+tblJTL[[#This Row],[elapsed]] -> 1790816685789 | U1138: =(tblJTL[[#This Row],[timeStamp]]-'17_分析サンプル'!$E$18)/1000 -> 285.35 | V1138: =INT(tblJTL[[#This Row],[経過秒]]/60) -> 4 | W1138: =IF(OR(tblJTL[[#This Row],[success]]=FALSE,tblJTL[[#This Row],[success]]="false"),1,0) -> 0 | X1138: =IF(AND(tblJTL[[#This Row],[経過秒]]>='17_分析サンプル'!$E$11,tblJTL[[#This Row],[経過秒]]<'17_分析サンプル'!$E$12),1,0) -> 1
B1139: 1790816683619 | C1139: 2229 | D1139: A02_POST_orders | E1139: 201 | F1139: Created | G1139: TG01_API 1-10 | H1139: text | I1139: TRUE | K1139: 427 | L1139: 1478 | M1139: 10 | N1139: 10 | O1139: https://abcde12345.execute-api.ap-northeast-1.amazonaws.com/stg/orders | P1139: 2225 | Q1139: 0 | R1139: 0 | S1139: =tblJTL[[#This Row],[timeStamp]]/86400000+DATE(1970,1,1)+TIME(9,0,0) -> 46296.42 | T1139: =tblJTL[[#This Row],[timeStamp]]+tblJTL[[#This Row],[elapsed]] -> 1790816685848 | U1139: =(tblJTL[[#This Row],[timeStamp]]-'17_分析サンプル'!$E$18)/1000 -> 283.439 | V1139: =INT(tblJTL[[#This Row],[経過秒]]/60) -> 4 | W1139: =IF(OR(tblJTL[[#This Row],[success]]=FALSE,tblJTL[[#This Row],[success]]="false"),1,0) -> 0 | X1139: =IF(AND(tblJTL[[#This Row],[経過秒]]>='17_分析サンプル'!$E$11,tblJTL[[#This Row],[経過秒]]<'17_分析サンプル'!$E$12),1,0) -> 1
B1140: 1790816686161 | C1140: 244 | D1140: A01_GET_items | E1140: 200 | F1140: OK | G1140: TG01_API 1-7 | H1140: text | I1140: TRUE | K1140: 1884 | L1140: 1342 | M1140: 10 | N1140: 10 | O1140: https://abcde12345.execute-api.ap-northeast-1.amazonaws.com/stg/items?limit=10 | P1140: 236 | Q1140: 0 | R1140: 58 | S1140: =tblJTL[[#This Row],[timeStamp]]/86400000+DATE(1970,1,1)+TIME(9,0,0) -> 46296.42 | T1140: =tblJTL[[#This Row],[timeStamp]]+tblJTL[[#This Row],[elapsed]] -> 1790816686405 | U1140: =(tblJTL[[#This Row],[timeStamp]]-'17_分析サンプル'!$E$18)/1000 -> 285.981 | V1140: =INT(tblJTL[[#This Row],[経過秒]]/60) -> 4 | W1140: =IF(OR(tblJTL[[#This Row],[success]]=FALSE,tblJTL[[#This Row],[success]]="false"),1,0) -> 0 | X1140: =IF(AND(tblJTL[[#This Row],[経過秒]]>='17_分析サンプル'!$E$11,tblJTL[[#This Row],[経過秒]]<'17_分析サンプル'!$E$12),1,0) -> 1
B1141: 1790816686369 | C1141: 182 | D1141: A01_GET_items | E1141: 200 | F1141: OK | G1141: TG01_API 1-5 | H1141: text | I1141: TRUE | K1141: 1884 | L1141: 1342 | M1141: 10 | N1141: 10 | O1141: https://abcde12345.execute-api.ap-northeast-1.amazonaws.com/stg/items?limit=10 | P1141: 176 | Q1141: 0 | R1141: 0 | S1141: =tblJTL[[#This Row],[timeStamp]]/86400000+DATE(1970,1,1)+TIME(9,0,0) -> 46296.42 | T1141: =tblJTL[[#This Row],[timeStamp]]+tblJTL[[#This Row],[elapsed]] -> 1790816686551 | U1141: =(tblJTL[[#This Row],[timeStamp]]-'17_分析サンプル'!$E$18)/1000 -> 286.189 | V1141: =INT(tblJTL[[#This Row],[経過秒]]/60) -> 4 | W1141: =IF(OR(tblJTL[[#This Row],[success]]=FALSE,tblJTL[[#This Row],[success]]="false"),1,0) -> 0 | X1141: =IF(AND(tblJTL[[#This Row],[経過秒]]>='17_分析サンプル'!$E$11,tblJTL[[#This Row],[経過秒]]<'17_分析サンプル'!$E$12),1,0) -> 1
B1142: 1790816686683 | C1142: 37 | D1142: A02_POST_orders | E1142: 429 | F1142: Too Many Requests | G1142: TG01_API 1-2 | H1142: text | I1142: FALSE | J1142: Test failed: code expected to equal / ****** received : [[[429]]] ****** comparison: [[[201]]] / | K1142: 237 | L1142: 1478 | M1142: 10 | N1142: 10 | O1142: https://abcde12345.execute-api.ap-northeast-1.amazonaws.com/stg/orders | P1142: 33 | Q1142: 0 | R1142: 0 | S1142: =tblJTL[[#This Row],[timeStamp]]/86400000+DATE(1970,1,1)+TIME(9,0,0) -> 46296.42 | T1142: =tblJTL[[#This Row],[timeStamp]]+tblJTL[[#This Row],[elapsed]] -> 1790816686720 | U1142: =(tblJTL[[#This Row],[timeStamp]]-'17_分析サンプル'!$E$18)/1000 -> 286.503 | V1142: =INT(tblJTL[[#This Row],[経過秒]]/60) -> 4 | W1142: =IF(OR(tblJTL[[#This Row],[success]]=FALSE,tblJTL[[#This Row],[success]]="false"),1,0) -> 1 | X1142: =IF(AND(tblJTL[[#This Row],[経過秒]]>='17_分析サンプル'!$E$11,tblJTL[[#This Row],[経過秒]]<'17_分析サンプル'!$E$12),1,0) -> 1
B1143: 1790816687372 | C1143: 247 | D1143: A01_GET_items | E1143: 200 | F1143: OK | G1143: TG01_API 1-3 | H1143: text | I1143: TRUE | K1143: 1899 | L1143: 1342 | M1143: 10 | N1143: 10 | O1143: https://abcde12345.execute-api.ap-northeast-1.amazonaws.com/stg/items?limit=10 | P1143: 242 | Q1143: 0 | R1143: 0 | S1143: =tblJTL[[#This Row],[timeStamp]]/86400000+DATE(1970,1,1)+TIME(9,0,0) -> 46296.42 | T1143: =tblJTL[[#This Row],[timeStamp]]+tblJTL[[#This Row],[elapsed]] -> 1790816687619 | U1143: =(tblJTL[[#This Row],[timeStamp]]-'17_分析サンプル'!$E$18)/1000 -> 287.192 | V1143: =INT(tblJTL[[#This Row],[経過秒]]/60) -> 4 | W1143: =IF(OR(tblJTL[[#This Row],[success]]=FALSE,tblJTL[[#This Row],[success]]="false"),1,0) -> 0 | X1143: =IF(AND(tblJTL[[#This Row],[経過秒]]>='17_分析サンプル'!$E$11,tblJTL[[#This Row],[経過秒]]<'17_分析サンプル'!$E$12),1,0) -> 1
B1144: 1790816685884 | C1144: 1888 | D1144: A02_POST_orders | E1144: 201 | F1144: Created | G1144: TG01_API 1-9 | H1144: text | I1144: TRUE | K1144: 423 | L1144: 1478 | M1144: 10 | N1144: 10 | O1144: https://abcde12345.execute-api.ap-northeast-1.amazonaws.com/stg/orders | P1144: 1886 | Q1144: 0 | R1144: 0 | S1144: =tblJTL[[#This Row],[timeStamp]]/86400000+DATE(1970,1,1)+TIME(9,0,0) -> 46296.42 | T1144: =tblJTL[[#This Row],[timeStamp]]+tblJTL[[#This Row],[elapsed]] -> 1790816687772 | U1144: =(tblJTL[[#This Row],[timeStamp]]-'17_分析サンプル'!$E$18)/1000 -> 285.704 | V1144: =INT(tblJTL[[#This Row],[経過秒]]/60) -> 4 | W1144: =IF(OR(tblJTL[[#This Row],[success]]=FALSE,tblJTL[[#This Row],[success]]="false"),1,0) -> 0 | X1144: =IF(AND(tblJTL[[#This Row],[経過秒]]>='17_分析サンプル'!$E$11,tblJTL[[#This Row],[経過秒]]<'17_分析サンプル'!$E$12),1,0) -> 1
B1145: 1790816687490 | C1145: 316 | D1145: A01_GET_items | E1145: 200 | F1145: OK | G1145: TG01_API 1-1 | H1145: text | I1145: TRUE | K1145: 1857 | L1145: 1342 | M1145: 10 | N1145: 10 | O1145: https://abcde12345.execute-api.ap-northeast-1.amazonaws.com/stg/items?limit=10 | P1145: 308 | Q1145: 0 | R1145: 0 | S1145: =tblJTL[[#This Row],[timeStamp]]/86400000+DATE(1970,1,1)+TIME(9,0,0) -> 46296.42 | T1145: =tblJTL[[#This Row],[timeStamp]]+tblJTL[[#This Row],[elapsed]] -> 1790816687806 | U1145: =(tblJTL[[#This Row],[timeStamp]]-'17_分析サンプル'!$E$18)/1000 -> 287.31 | V1145: =INT(tblJTL[[#This Row],[経過秒]]/60) -> 4 | W1145: =IF(OR(tblJTL[[#This Row],[success]]=FALSE,tblJTL[[#This Row],[success]]="false"),1,0) -> 0 | X1145: =IF(AND(tblJTL[[#This Row],[経過秒]]>='17_分析サンプル'!$E$11,tblJTL[[#This Row],[経過秒]]<'17_分析サンプル'!$E$12),1,0) -> 1
B1146: 1790816687929 | C1146: 26 | D1146: A02_POST_orders | E1146: 429 | F1146: Too Many Requests | G1146: TG01_API 1-4 | H1146: text | I1146: FALSE | J1146: Test failed: code expected to equal / ****** received : [[[429]]] ****** comparison: [[[201]]] / | K1146: 237 | L1146: 1478 | M1146: 10 | N1146: 10 | O1146: https://abcde12345.execute-api.ap-northeast-1.amazonaws.com/stg/orders | P1146: 23 | Q1146: 0 | R1146: 0 | S1146: =tblJTL[[#This Row],[timeStamp]]/86400000+DATE(1970,1,1)+TIME(9,0,0) -> 46296.42 | T1146: =tblJTL[[#This Row],[timeStamp]]+tblJTL[[#This Row],[elapsed]] -> 1790816687955 | U1146: =(tblJTL[[#This Row],[timeStamp]]-'17_分析サンプル'!$E$18)/1000 -> 287.749 | V1146: =INT(tblJTL[[#This Row],[経過秒]]/60) -> 4 | W1146: =IF(OR(tblJTL[[#This Row],[success]]=FALSE,tblJTL[[#This Row],[success]]="false"),1,0) -> 1 | X1146: =IF(AND(tblJTL[[#This Row],[経過秒]]>='17_分析サンプル'!$E$11,tblJTL[[#This Row],[経過秒]]<'17_分析サンプル'!$E$12),1,0) -> 1
B1147: 1790816688120 | C1147: 60 | D1147: A02_POST_orders | E1147: 429 | F1147: Too Many Requests | G1147: TG01_API 1-5 | H1147: text | I1147: FALSE | J1147: Test failed: code expected to equal / ****** received : [[[429]]] ****** comparison: [[[201]]] / | K1147: 237 | L1147: 1478 | M1147: 10 | N1147: 10 | O1147: https://abcde12345.execute-api.ap-northeast-1.amazonaws.com/stg/orders | P1147: 52 | Q1147: 0 | R1147: 0 | S1147: =tblJTL[[#This Row],[timeStamp]]/86400000+DATE(1970,1,1)+TIME(9,0,0) -> 46296.42 | T1147: =tblJTL[[#This Row],[timeStamp]]+tblJTL[[#This Row],[elapsed]] -> 1790816688180 | U1147: =(tblJTL[[#This Row],[timeStamp]]-'17_分析サンプル'!$E$18)/1000 -> 287.94 | V1147: =INT(tblJTL[[#This Row],[経過秒]]/60) -> 4 | W1147: =IF(OR(tblJTL[[#This Row],[success]]=FALSE,tblJTL[[#This Row],[success]]="false"),1,0) -> 1 | X1147: =IF(AND(tblJTL[[#This Row],[経過秒]]>='17_分析サンプル'!$E$11,tblJTL[[#This Row],[経過秒]]<'17_分析サンプル'!$E$12),1,0) -> 1
B1148: 1790816688502 | C1148: 189 | D1148: A01_GET_items | E1148: 200 | F1148: OK | G1148: TG01_API 1-10 | H1148: text | I1148: TRUE | K1148: 1891 | L1148: 1342 | M1148: 10 | N1148: 10 | O1148: https://abcde12345.execute-api.ap-northeast-1.amazonaws.com/stg/items?limit=10 | P1148: 184 | Q1148: 0 | R1148: 0 | S1148: =tblJTL[[#This Row],[timeStamp]]/86400000+DATE(1970,1,1)+TIME(9,0,0) -> 46296.42 | T1148: =tblJTL[[#This Row],[timeStamp]]+tblJTL[[#This Row],[elapsed]] -> 1790816688691 | U1148: =(tblJTL[[#This Row],[timeStamp]]-'17_分析サンプル'!$E$18)/1000 -> 288.322 | V1148: =INT(tblJTL[[#This Row],[経過秒]]/60) -> 4 | W1148: =IF(OR(tblJTL[[#This Row],[success]]=FALSE,tblJTL[[#This Row],[success]]="false"),1,0) -> 0 | X1148: =IF(AND(tblJTL[[#This Row],[経過秒]]>='17_分析サンプル'!$E$11,tblJTL[[#This Row],[経過秒]]<'17_分析サンプル'!$E$12),1,0) -> 1
B1149: 1790816689096 | C1149: 180 | D1149: A01_GET_items | E1149: 200 | F1149: OK | G1149: TG01_API 1-4 | H1149: text | I1149: TRUE | K1149: 1889 | L1149: 1342 | M1149: 10 | N1149: 10 | O1149: https://abcde12345.execute-api.ap-northeast-1.amazonaws.com/stg/items?limit=10 | P1149: 174 | Q1149: 0 | R1149: 0 | S1149: =tblJTL[[#This Row],[timeStamp]]/86400000+DATE(1970,1,1)+TIME(9,0,0) -> 46296.42 | T1149: =tblJTL[[#This Row],[timeStamp]]+tblJTL[[#This Row],[elapsed]] -> 1790816689276 | U1149: =(tblJTL[[#This Row],[timeStamp]]-'17_分析サンプル'!$E$18)/1000 -> 288.916 | V1149: =INT(tblJTL[[#This Row],[経過秒]]/60) -> 4 | W1149: =IF(OR(tblJTL[[#This Row],[success]]=FALSE,tblJTL[[#This Row],[success]]="false"),1,0) -> 0 | X1149: =IF(AND(tblJTL[[#This Row],[経過秒]]>='17_分析サンプル'!$E$11,tblJTL[[#This Row],[経過秒]]<'17_分析サンプル'!$E$12),1,0) -> 1
B1150: 1790816688053 | C1150: 1514 | D1150: A02_POST_orders | E1150: 201 | F1150: Created | G1150: TG01_API 1-8 | H1150: text | I1150: TRUE | K1150: 429 | L1150: 1478 | M1150: 10 | N1150: 10 | O1150: https://abcde12345.execute-api.ap-northeast-1.amazonaws.com/stg/orders | P1150: 1507 | Q1150: 0 | R1150: 0 | S1150: =tblJTL[[#This Row],[timeStamp]]/86400000+DATE(1970,1,1)+TIME(9,0,0) -> 46296.42 | T1150: =tblJTL[[#This Row],[timeStamp]]+tblJTL[[#This Row],[elapsed]] -> 1790816689567 | U1150: =(tblJTL[[#This Row],[timeStamp]]-'17_分析サンプル'!$E$18)/1000 -> 287.873 | V1150: =INT(tblJTL[[#This Row],[経過秒]]/60) -> 4 | W1150: =IF(OR(tblJTL[[#This Row],[success]]=FALSE,tblJTL[[#This Row],[success]]="false"),1,0) -> 0 | X1150: =IF(AND(tblJTL[[#This Row],[経過秒]]>='17_分析サンプル'!$E$11,tblJTL[[#This Row],[経過秒]]<'17_分析サンプル'!$E$12),1,0) -> 1
B1151: 1790816689536 | C1151: 157 | D1151: A01_GET_items | E1151: 200 | F1151: OK | G1151: TG01_API 1-2 | H1151: text | I1151: TRUE | K1151: 1825 | L1151: 1342 | M1151: 10 | N1151: 10 | O1151: https://abcde12345.execute-api.ap-northeast-1.amazonaws.com/stg/items?limit=10 | P1151: 152 | Q1151: 0 | R1151: 0 | S1151: =tblJTL[[#This Row],[timeStamp]]/86400000+DATE(1970,1,1)+TIME(9,0,0) -> 46296.42 | T1151: =tblJTL[[#This Row],[timeStamp]]+tblJTL[[#This Row],[elapsed]] -> 1790816689693 | U1151: =(tblJTL[[#This Row],[timeStamp]]-'17_分析サンプル'!$E$18)/1000 -> 289.356 | V1151: =INT(tblJTL[[#This Row],[経過秒]]/60) -> 4 | W1151: =IF(OR(tblJTL[[#This Row],[success]]=FALSE,tblJTL[[#This Row],[success]]="false"),1,0) -> 0 | X1151: =IF(AND(tblJTL[[#This Row],[経過秒]]>='17_分析サンプル'!$E$11,tblJTL[[#This Row],[経過秒]]<'17_分析サンプル'!$E$12),1,0) -> 1
B1152: 1790816689482 | C1152: 249 | D1152: A01_GET_items | E1152: 200 | F1152: OK | G1152: TG01_API 1-5 | H1152: text | I1152: TRUE | K1152: 1898 | L1152: 1342 | M1152: 10 | N1152: 10 | O1152: https://abcde12345.execute-api.ap-northeast-1.amazonaws.com/stg/items?limit=10 | P1152: 246 | Q1152: 0 | R1152: 0 | S1152: =tblJTL[[#This Row],[timeStamp]]/86400000+DATE(1970,1,1)+TIME(9,0,0) -> 46296.42 | T1152: =tblJTL[[#This Row],[timeStamp]]+tblJTL[[#This Row],[elapsed]] -> 1790816689731 | U1152: =(tblJTL[[#This Row],[timeStamp]]-'17_分析サンプル'!$E$18)/1000 -> 289.302 | V1152: =INT(tblJTL[[#This Row],[経過秒]]/60) -> 4 | W1152: =IF(OR(tblJTL[[#This Row],[success]]=FALSE,tblJTL[[#This Row],[success]]="false"),1,0) -> 0 | X1152: =IF(AND(tblJTL[[#This Row],[経過秒]]>='17_分析サンプル'!$E$11,tblJTL[[#This Row],[経過秒]]<'17_分析サンプル'!$E$12),1,0) -> 1
B1153: 1790816689594 | C1153: 218 | D1153: A01_GET_items | E1153: 200 | F1153: OK | G1153: TG01_API 1-9 | H1153: text | I1153: TRUE | K1153: 1866 | L1153: 1342 | M1153: 10 | N1153: 10 | O1153: https://abcde12345.execute-api.ap-northeast-1.amazonaws.com/stg/items?limit=10 | P1153: 215 | Q1153: 0 | R1153: 0 | S1153: =tblJTL[[#This Row],[timeStamp]]/86400000+DATE(1970,1,1)+TIME(9,0,0) -> 46296.42 | T1153: =tblJTL[[#This Row],[timeStamp]]+tblJTL[[#This Row],[elapsed]] -> 1790816689812 | U1153: =(tblJTL[[#This Row],[timeStamp]]-'17_分析サンプル'!$E$18)/1000 -> 289.414 | V1153: =INT(tblJTL[[#This Row],[経過秒]]/60) -> 4 | W1153: =IF(OR(tblJTL[[#This Row],[success]]=FALSE,tblJTL[[#This Row],[success]]="false"),1,0) -> 0 | X1153: =IF(AND(tblJTL[[#This Row],[経過秒]]>='17_分析サンプル'!$E$11,tblJTL[[#This Row],[経過秒]]<'17_分析サンプル'!$E$12),1,0) -> 1
B1154: 1790816688509 | C1154: 1496 | D1154: A02_POST_orders | E1154: 201 | F1154: Created | G1154: TG01_API 1-7 | H1154: text | I1154: TRUE | K1154: 432 | L1154: 1478 | M1154: 10 | N1154: 10 | O1154: https://abcde12345.execute-api.ap-northeast-1.amazonaws.com/stg/orders | P1154: 1488 | Q1154: 0 | R1154: 0 | S1154: =tblJTL[[#This Row],[timeStamp]]/86400000+DATE(1970,1,1)+TIME(9,0,0) -> 46296.42 | T1154: =tblJTL[[#This Row],[timeStamp]]+tblJTL[[#This Row],[elapsed]] -> 1790816690005 | U1154: =(tblJTL[[#This Row],[timeStamp]]-'17_分析サンプル'!$E$18)/1000 -> 288.329 | V1154: =INT(tblJTL[[#This Row],[経過秒]]/60) -> 4 | W1154: =IF(OR(tblJTL[[#This Row],[success]]=FALSE,tblJTL[[#This Row],[success]]="false"),1,0) -> 0 | X1154: =IF(AND(tblJTL[[#This Row],[経過秒]]>='17_分析サンプル'!$E$11,tblJTL[[#This Row],[経過秒]]<'17_分析サンプル'!$E$12),1,0) -> 1
B1155: 1790816687338 | C1155: 3326 | D1155: A02_POST_orders | E1155: 201 | F1155: Created | G1155: TG01_API 1-6 | H1155: text | I1155: TRUE | K1155: 435 | L1155: 1478 | M1155: 10 | N1155: 10 | O1155: https://abcde12345.execute-api.ap-northeast-1.amazonaws.com/stg/orders | P1155: 3320 | Q1155: 0 | R1155: 0 | S1155: =tblJTL[[#This Row],[timeStamp]]/86400000+DATE(1970,1,1)+TIME(9,0,0) -> 46296.42 | T1155: =tblJTL[[#This Row],[timeStamp]]+tblJTL[[#This Row],[elapsed]] -> 1790816690664 | U1155: =(tblJTL[[#This Row],[timeStamp]]-'17_分析サンプル'!$E$18)/1000 -> 287.158 | V1155: =INT(tblJTL[[#This Row],[経過秒]]/60) -> 4 | W1155: =IF(OR(tblJTL[[#This Row],[success]]=FALSE,tblJTL[[#This Row],[success]]="false"),1,0) -> 0 | X1155: =IF(AND(tblJTL[[#This Row],[経過秒]]>='17_分析サンプル'!$E$11,tblJTL[[#This Row],[経過秒]]<'17_分析サンプル'!$E$12),1,0) -> 1
B1156: 1790816689534 | C1156: 1654 | D1156: A02_POST_orders | E1156: 201 | F1156: Created | G1156: TG01_API 1-3 | H1156: text | I1156: TRUE | K1156: 426 | L1156: 1478 | M1156: 10 | N1156: 10 | O1156: https://abcde12345.execute-api.ap-northeast-1.amazonaws.com/stg/orders | P1156: 1650 | Q1156: 0 | R1156: 0 | S1156: =tblJTL[[#This Row],[timeStamp]]/86400000+DATE(1970,1,1)+TIME(9,0,0) -> 46296.42 | T1156: =tblJTL[[#This Row],[timeStamp]]+tblJTL[[#This Row],[elapsed]] -> 1790816691188 | U1156: =(tblJTL[[#This Row],[timeStamp]]-'17_分析サンプル'!$E$18)/1000 -> 289.354 | V1156: =INT(tblJTL[[#This Row],[経過秒]]/60) -> 4 | W1156: =IF(OR(tblJTL[[#This Row],[success]]=FALSE,tblJTL[[#This Row],[success]]="false"),1,0) -> 0 | X1156: =IF(AND(tblJTL[[#This Row],[経過秒]]>='17_分析サンプル'!$E$11,tblJTL[[#This Row],[経過秒]]<'17_分析サンプル'!$E$12),1,0) -> 1
B1157: 1790816689768 | C1157: 1572 | D1157: A02_POST_orders | E1157: 201 | F1157: Created | G1157: TG01_API 1-1 | H1157: text | I1157: TRUE | K1157: 413 | L1157: 1478 | M1157: 10 | N1157: 10 | O1157: https://abcde12345.execute-api.ap-northeast-1.amazonaws.com/stg/orders | P1157: 1564 | Q1157: 0 | R1157: 0 | S1157: =tblJTL[[#This Row],[timeStamp]]/86400000+DATE(1970,1,1)+TIME(9,0,0) -> 46296.42 | T1157: =tblJTL[[#This Row],[timeStamp]]+tblJTL[[#This Row],[elapsed]] -> 1790816691340 | U1157: =(tblJTL[[#This Row],[timeStamp]]-'17_分析サンプル'!$E$18)/1000 -> 289.588 | V1157: =INT(tblJTL[[#This Row],[経過秒]]/60) -> 4 | W1157: =IF(OR(tblJTL[[#This Row],[success]]=FALSE,tblJTL[[#This Row],[success]]="false"),1,0) -> 0 | X1157: =IF(AND(tblJTL[[#This Row],[経過秒]]>='17_分析サンプル'!$E$11,tblJTL[[#This Row],[経過秒]]<'17_分析サンプル'!$E$12),1,0) -> 1
B1158: 1790816689962 | C1158: 1772 | D1158: A02_POST_orders | E1158: 201 | F1158: Created | G1158: TG01_API 1-10 | H1158: text | I1158: TRUE | K1158: 434 | L1158: 1478 | M1158: 10 | N1158: 10 | O1158: https://abcde12345.execute-api.ap-northeast-1.amazonaws.com/stg/orders | P1158: 1770 | Q1158: 0 | R1158: 0 | S1158: =tblJTL[[#This Row],[timeStamp]]/86400000+DATE(1970,1,1)+TIME(9,0,0) -> 46296.42 | T1158: =tblJTL[[#This Row],[timeStamp]]+tblJTL[[#This Row],[elapsed]] -> 1790816691734 | U1158: =(tblJTL[[#This Row],[timeStamp]]-'17_分析サンプル'!$E$18)/1000 -> 289.782 | V1158: =INT(tblJTL[[#This Row],[経過秒]]/60) -> 4 | W1158: =IF(OR(tblJTL[[#This Row],[success]]=FALSE,tblJTL[[#This Row],[success]]="false"),1,0) -> 0 | X1158: =IF(AND(tblJTL[[#This Row],[経過秒]]>='17_分析サンプル'!$E$11,tblJTL[[#This Row],[経過秒]]<'17_分析サンプル'!$E$12),1,0) -> 1
B1159: 1790816691498 | C1159: 332 | D1159: A01_GET_items | E1159: 200 | F1159: OK | G1159: TG01_API 1-8 | H1159: text | I1159: TRUE | K1159: 1835 | L1159: 1342 | M1159: 10 | N1159: 10 | O1159: https://abcde12345.execute-api.ap-northeast-1.amazonaws.com/stg/items?limit=10 | P1159: 325 | Q1159: 0 | R1159: 57 | S1159: =tblJTL[[#This Row],[timeStamp]]/86400000+DATE(1970,1,1)+TIME(9,0,0) -> 46296.42 | T1159: =tblJTL[[#This Row],[timeStamp]]+tblJTL[[#This Row],[elapsed]] -> 1790816691830 | U1159: =(tblJTL[[#This Row],[timeStamp]]-'17_分析サンプル'!$E$18)/1000 -> 291.318 | V1159: =INT(tblJTL[[#This Row],[経過秒]]/60) -> 4 | W1159: =IF(OR(tblJTL[[#This Row],[success]]=FALSE,tblJTL[[#This Row],[success]]="false"),1,0) -> 0 | X1159: =IF(AND(tblJTL[[#This Row],[経過秒]]>='17_分析サンプル'!$E$11,tblJTL[[#This Row],[経過秒]]<'17_分析サンプル'!$E$12),1,0) -> 1
... B1168: 1790816695026 | C1168: 197 | D1168: A01_GET_items | E1168: 200 | F1168: OK | G1168: TG01_API 1-5 | H1168: text | I1168: TRUE | K1168: 1885 | L1168: 1342 | M1168: 10 | N1168: 10 | O1168: https://abcde12345.execute-api.ap-northeast-1.amazonaws.com/stg/items?limit=10 | P1168: 193 | Q1168: 0 | R1168: 0 | S1168: =tblJTL[[#This Row],[timeStamp]]/86400000+DATE(1970,1,1)+TIME(9,0,0) -> 46296.42 | T1168: =tblJTL[[#This Row],[timeStamp]]+tblJTL[[#This Row],[elapsed]] -> 1790816695223 | U1168: =(tblJTL[[#This Row],[timeStamp]]-'17_分析サンプル'!$E$18)/1000 -> 294.846 | V1168: =INT(tblJTL[[#This Row],[経過秒]]/60) -> 4 | W1168: =IF(OR(tblJTL[[#This Row],[success]]=FALSE,tblJTL[[#This Row],[success]]="false"),1,0) -> 0 | X1168: =IF(AND(tblJTL[[#This Row],[経過秒]]>='17_分析サンプル'!$E$11,tblJTL[[#This Row],[経過秒]]<'17_分析サンプル'!$E$12),1,0) -> 1
B1169: 1790816695309 | C1169: 29 | D1169: A01_GET_items | E1169: 429 | F1169: Too Many Requests | G1169: TG01_API 1-4 | H1169: text | I1169: FALSE | J1169: Test failed: code expected to equal / ****** received : [[[429]]] ****** comparison: [[[200]]] / | K1169: 237 | L1169: 1342 | M1169: 10 | N1169: 10 | O1169: https://abcde12345.execute-api.ap-northeast-1.amazonaws.com/stg/items?limit=10 | P1169: 22 | Q1169: 0 | R1169: 0 | S1169: =tblJTL[[#This Row],[timeStamp]]/86400000+DATE(1970,1,1)+TIME(9,0,0) -> 46296.42 | T1169: =tblJTL[[#This Row],[timeStamp]]+tblJTL[[#This Row],[elapsed]] -> 1790816695338 | U1169: =(tblJTL[[#This Row],[timeStamp]]-'17_分析サンプル'!$E$18)/1000 -> 295.129 | V1169: =INT(tblJTL[[#This Row],[経過秒]]/60) -> 4 | W1169: =IF(OR(tblJTL[[#This Row],[success]]=FALSE,tblJTL[[#This Row],[success]]="false"),1,0) -> 1 | X1169: =IF(AND(tblJTL[[#This Row],[経過秒]]>='17_分析サンプル'!$E$11,tblJTL[[#This Row],[経過秒]]<'17_分析サンプル'!$E$12),1,0) -> 1
B1170: 1790816693754 | C1170: 1893 | D1170: A02_POST_orders | E1170: 201 | F1170: Created | G1170: TG01_API 1-6 | H1170: text | I1170: TRUE | K1170: 432 | L1170: 1478 | M1170: 10 | N1170: 10 | O1170: https://abcde12345.execute-api.ap-northeast-1.amazonaws.com/stg/orders | P1170: 1889 | Q1170: 0 | R1170: 0 | S1170: =tblJTL[[#This Row],[timeStamp]]/86400000+DATE(1970,1,1)+TIME(9,0,0) -> 46296.42 | T1170: =tblJTL[[#This Row],[timeStamp]]+tblJTL[[#This Row],[elapsed]] -> 1790816695647 | U1170: =(tblJTL[[#This Row],[timeStamp]]-'17_分析サンプル'!$E$18)/1000 -> 293.574 | V1170: =INT(tblJTL[[#This Row],[経過秒]]/60) -> 4 | W1170: =IF(OR(tblJTL[[#This Row],[success]]=FALSE,tblJTL[[#This Row],[success]]="false"),1,0) -> 0 | X1170: =IF(AND(tblJTL[[#This Row],[経過秒]]>='17_分析サンプル'!$E$11,tblJTL[[#This Row],[経過秒]]<'17_分析サンプル'!$E$12),1,0) -> 1
B1171: 1790816694345 | C1171: 1584 | D1171: A02_POST_orders | E1171: 201 | F1171: Created | G1171: TG01_API 1-8 | H1171: text | I1171: TRUE | K1171: 440 | L1171: 1478 | M1171: 10 | N1171: 10 | O1171: https://abcde12345.execute-api.ap-northeast-1.amazonaws.com/stg/orders | P1171: 1581 | Q1171: 0 | R1171: 0 | S1171: =tblJTL[[#This Row],[timeStamp]]/86400000+DATE(1970,1,1)+TIME(9,0,0) -> 46296.42 | T1171: =tblJTL[[#This Row],[timeStamp]]+tblJTL[[#This Row],[elapsed]] -> 1790816695929 | U1171: =(tblJTL[[#This Row],[timeStamp]]-'17_分析サンプル'!$E$18)/1000 -> 294.165 | V1171: =INT(tblJTL[[#This Row],[経過秒]]/60) -> 4 | W1171: =IF(OR(tblJTL[[#This Row],[success]]=FALSE,tblJTL[[#This Row],[success]]="false"),1,0) -> 0 | X1171: =IF(AND(tblJTL[[#This Row],[経過秒]]>='17_分析サンプル'!$E$11,tblJTL[[#This Row],[経過秒]]<'17_分析サンプル'!$E$12),1,0) -> 1
B1172: 1790816695981 | C1172: 226 | D1172: A01_GET_items | E1172: 200 | F1172: OK | G1172: TG01_API 1-2 | H1172: text | I1172: TRUE | K1172: 1840 | L1172: 1342 | M1172: 10 | N1172: 10 | O1172: https://abcde12345.execute-api.ap-northeast-1.amazonaws.com/stg/items?limit=10 | P1172: 221 | Q1172: 0 | R1172: 0 | S1172: =tblJTL[[#This Row],[timeStamp]]/86400000+DATE(1970,1,1)+TIME(9,0,0) -> 46296.42 | T1172: =tblJTL[[#This Row],[timeStamp]]+tblJTL[[#This Row],[elapsed]] -> 1790816696207 | U1172: =(tblJTL[[#This Row],[timeStamp]]-'17_分析サンプル'!$E$18)/1000 -> 295.801 | V1172: =INT(tblJTL[[#This Row],[経過秒]]/60) -> 4 | W1172: =IF(OR(tblJTL[[#This Row],[success]]=FALSE,tblJTL[[#This Row],[success]]="false"),1,0) -> 0 | X1172: =IF(AND(tblJTL[[#This Row],[経過秒]]>='17_分析サンプル'!$E$11,tblJTL[[#This Row],[経過秒]]<'17_分析サンプル'!$E$12),1,0) -> 1
B1173: 1790816692353 | C1173: 4565 | D1173: A02_POST_orders | E1173: 201 | F1173: Created | G1173: TG01_API 1-9 | H1173: text | I1173: TRUE | K1173: 412 | L1173: 1478 | M1173: 10 | N1173: 10 | O1173: https://abcde12345.execute-api.ap-northeast-1.amazonaws.com/stg/orders | P1173: 4562 | Q1173: 0 | R1173: 0 | S1173: =tblJTL[[#This Row],[timeStamp]]/86400000+DATE(1970,1,1)+TIME(9,0,0) -> 46296.42 | T1173: =tblJTL[[#This Row],[timeStamp]]+tblJTL[[#This Row],[elapsed]] -> 1790816696918 | U1173: =(tblJTL[[#This Row],[timeStamp]]-'17_分析サンプル'!$E$18)/1000 -> 292.173 | V1173: =INT(tblJTL[[#This Row],[経過秒]]/60) -> 4 | W1173: =IF(OR(tblJTL[[#This Row],[success]]=FALSE,tblJTL[[#This Row],[success]]="false"),1,0) -> 0 | X1173: =IF(AND(tblJTL[[#This Row],[経過秒]]>='17_分析サンプル'!$E$11,tblJTL[[#This Row],[経過秒]]<'17_分析サンプル'!$E$12),1,0) -> 1
B1174: 1790816698084 | C1174: 198 | D1174: A01_GET_items | E1174: 200 | F1174: OK | G1174: TG01_API 1-6 | H1174: text | I1174: TRUE | K1174: 1900 | L1174: 1342 | M1174: 10 | N1174: 10 | O1174: https://abcde12345.execute-api.ap-northeast-1.amazonaws.com/stg/items?limit=10 | P1174: 191 | Q1174: 0 | R1174: 0 | S1174: =tblJTL[[#This Row],[timeStamp]]/86400000+DATE(1970,1,1)+TIME(9,0,0) -> 46296.42 | T1174: =tblJTL[[#This Row],[timeStamp]]+tblJTL[[#This Row],[elapsed]] -> 1790816698282 | U1174: =(tblJTL[[#This Row],[timeStamp]]-'17_分析サンプル'!$E$18)/1000 -> 297.904 | V1174: =INT(tblJTL[[#This Row],[経過秒]]/60) -> 4 | W1174: =IF(OR(tblJTL[[#This Row],[success]]=FALSE,tblJTL[[#This Row],[success]]="false"),1,0) -> 0 | X1174: =IF(AND(tblJTL[[#This Row],[経過秒]]>='17_分析サンプル'!$E$11,tblJTL[[#This Row],[経過秒]]<'17_分析サンプル'!$E$12),1,0) -> 1
B1175: 1790816696376 | C1175: 2005 | D1175: A02_POST_orders | E1175: 201 | F1175: Created | G1175: TG01_API 1-10 | H1175: text | I1175: TRUE | K1175: 413 | L1175: 1478 | M1175: 10 | N1175: 10 | O1175: https://abcde12345.execute-api.ap-northeast-1.amazonaws.com/stg/orders | P1175: 2003 | Q1175: 0 | R1175: 0 | S1175: =tblJTL[[#This Row],[timeStamp]]/86400000+DATE(1970,1,1)+TIME(9,0,0) -> 46296.42 | T1175: =tblJTL[[#This Row],[timeStamp]]+tblJTL[[#This Row],[elapsed]] -> 1790816698381 | U1175: =(tblJTL[[#This Row],[timeStamp]]-'17_分析サンプル'!$E$18)/1000 -> 296.196 | V1175: =INT(tblJTL[[#This Row],[経過秒]]/60) -> 4 | W1175: =IF(OR(tblJTL[[#This Row],[success]]=FALSE,tblJTL[[#This Row],[success]]="false"),1,0) -> 0 | X1175: =IF(AND(tblJTL[[#This Row],[経過秒]]>='17_分析サンプル'!$E$11,tblJTL[[#This Row],[経過秒]]<'17_分析サンプル'!$E$12),1,0) -> 1
B1176: 1790816698371 | C1176: 184 | D1176: A01_GET_items | E1176: 200 | F1176: OK | G1176: TG01_API 1-8 | H1176: text | I1176: TRUE | K1176: 1861 | L1176: 1342 | M1176: 10 | N1176: 10 | O1176: https://abcde12345.execute-api.ap-northeast-1.amazonaws.com/stg/items?limit=10 | P1176: 181 | Q1176: 0 | R1176: 0 | S1176: =tblJTL[[#This Row],[timeStamp]]/86400000+DATE(1970,1,1)+TIME(9,0,0) -> 46296.42 | T1176: =tblJTL[[#This Row],[timeStamp]]+tblJTL[[#This Row],[elapsed]] -> 1790816698555 | U1176: =(tblJTL[[#This Row],[timeStamp]]-'17_分析サンプル'!$E$18)/1000 -> 298.191 | V1176: =INT(tblJTL[[#This Row],[経過秒]]/60) -> 4 | W1176: =IF(OR(tblJTL[[#This Row],[success]]=FALSE,tblJTL[[#This Row],[success]]="false"),1,0) -> 0 | X1176: =IF(AND(tblJTL[[#This Row],[経過秒]]>='17_分析サンプル'!$E$11,tblJTL[[#This Row],[経過秒]]<'17_分析サンプル'!$E$12),1,0) -> 1
B1177: 1790816698617 | C1177: 325 | D1177: A01_GET_items | E1177: 200 | F1177: OK | G1177: TG01_API 1-9 | H1177: text | I1177: TRUE | K1177: 1826 | L1177: 1342 | M1177: 10 | N1177: 10 | O1177: https://abcde12345.execute-api.ap-northeast-1.amazonaws.com/stg/items?limit=10 | P1177: 323 | Q1177: 0 | R1177: 60 | S1177: =tblJTL[[#This Row],[timeStamp]]/86400000+DATE(1970,1,1)+TIME(9,0,0) -> 46296.42 | T1177: =tblJTL[[#This Row],[timeStamp]]+tblJTL[[#This Row],[elapsed]] -> 1790816698942 | U1177: =(tblJTL[[#This Row],[timeStamp]]-'17_分析サンプル'!$E$18)/1000 -> 298.437 | V1177: =INT(tblJTL[[#This Row],[経過秒]]/60) -> 4 | W1177: =IF(OR(tblJTL[[#This Row],[success]]=FALSE,tblJTL[[#This Row],[success]]="false"),1,0) -> 0 | X1177: =IF(AND(tblJTL[[#This Row],[経過秒]]>='17_分析サンプル'!$E$11,tblJTL[[#This Row],[経過秒]]<'17_分析サンプル'!$E$12),1,0) -> 1
B1178: 1790816696818 | C1178: 2176 | D1178: A02_POST_orders | E1178: 201 | F1178: Created | G1178: TG01_API 1-4 | H1178: text | I1178: TRUE | K1178: 438 | L1178: 1478 | M1178: 10 | N1178: 10 | O1178: https://abcde12345.execute-api.ap-northeast-1.amazonaws.com/stg/orders | P1178: 2170 | Q1178: 0 | R1178: 0 | S1178: =tblJTL[[#This Row],[timeStamp]]/86400000+DATE(1970,1,1)+TIME(9,0,0) -> 46296.42 | T1178: =tblJTL[[#This Row],[timeStamp]]+tblJTL[[#This Row],[elapsed]] -> 1790816698994 | U1178: =(tblJTL[[#This Row],[timeStamp]]-'17_分析サンプル'!$E$18)/1000 -> 296.638 | V1178: =INT(tblJTL[[#This Row],[経過秒]]/60) -> 4 | W1178: =IF(OR(tblJTL[[#This Row],[success]]=FALSE,tblJTL[[#This Row],[success]]="false"),1,0) -> 0 | X1178: =IF(AND(tblJTL[[#This Row],[経過秒]]>='17_分析サンプル'!$E$11,tblJTL[[#This Row],[経過秒]]<'17_分析サンプル'!$E$12),1,0) -> 1
B1179: 1790816697233 | C1179: 1857 | D1179: A02_POST_orders | E1179: 201 | F1179: Created | G1179: TG01_API 1-5 | H1179: text | I1179: TRUE | K1179: 418 | L1179: 1478 | M1179: 10 | N1179: 10 | O1179: https://abcde12345.execute-api.ap-northeast-1.amazonaws.com/stg/orders | P1179: 1855 | Q1179: 0 | R1179: 0 | S1179: =tblJTL[[#This Row],[timeStamp]]/86400000+DATE(1970,1,1)+TIME(9,0,0) -> 46296.42 | T1179: =tblJTL[[#This Row],[timeStamp]]+tblJTL[[#This Row],[elapsed]] -> 1790816699090 | U1179: =(tblJTL[[#This Row],[timeStamp]]-'17_分析サンプル'!$E$18)/1000 -> 297.053 | V1179: =INT(tblJTL[[#This Row],[経過秒]]/60) -> 4 | W1179: =IF(OR(tblJTL[[#This Row],[success]]=FALSE,tblJTL[[#This Row],[success]]="false"),1,0) -> 0 | X1179: =IF(AND(tblJTL[[#This Row],[経過秒]]>='17_分析サンプル'!$E$11,tblJTL[[#This Row],[経過秒]]<'17_分析サンプル'!$E$12),1,0) -> 1
B1180: 1790816697222 | C1180: 2150 | D1180: A02_POST_orders | E1180: 201 | F1180: Created | G1180: TG01_API 1-1 | H1180: text | I1180: TRUE | K1180: 422 | L1180: 1478 | M1180: 10 | N1180: 10 | O1180: https://abcde12345.execute-api.ap-northeast-1.amazonaws.com/stg/orders | P1180: 2142 | Q1180: 0 | R1180: 0 | S1180: =tblJTL[[#This Row],[timeStamp]]/86400000+DATE(1970,1,1)+TIME(9,0,0) -> 46296.42 | T1180: =tblJTL[[#This Row],[timeStamp]]+tblJTL[[#This Row],[elapsed]] -> 1790816699372 | U1180: =(tblJTL[[#This Row],[timeStamp]]-'17_分析サンプル'!$E$18)/1000 -> 297.042 | V1180: =INT(tblJTL[[#This Row],[経過秒]]/60) -> 4 | W1180: =IF(OR(tblJTL[[#This Row],[success]]=FALSE,tblJTL[[#This Row],[success]]="false"),1,0) -> 0 | X1180: =IF(AND(tblJTL[[#This Row],[経過秒]]>='17_分析サンプル'!$E$11,tblJTL[[#This Row],[経過秒]]<'17_分析サンプル'!$E$12),1,0) -> 1
B1181: 1790816698193 | C1181: 1851 | D1181: A02_POST_orders | E1181: 201 | F1181: Created | G1181: TG01_API 1-2 | H1181: text | I1181: TRUE | K1181: 430 | L1181: 1478 | M1181: 10 | N1181: 10 | O1181: https://abcde12345.execute-api.ap-northeast-1.amazonaws.com/stg/orders | P1181: 1843 | Q1181: 0 | R1181: 0 | S1181: =tblJTL[[#This Row],[timeStamp]]/86400000+DATE(1970,1,1)+TIME(9,0,0) -> 46296.42 | T1181: =tblJTL[[#This Row],[timeStamp]]+tblJTL[[#This Row],[elapsed]] -> 1790816700044 | U1181: =(tblJTL[[#This Row],[timeStamp]]-'17_分析サンプル'!$E$18)/1000 -> 298.013 | V1181: =INT(tblJTL[[#This Row],[経過秒]]/60) -> 4 | W1181: =IF(OR(tblJTL[[#This Row],[success]]=FALSE,tblJTL[[#This Row],[success]]="false"),1,0) -> 0 | X1181: =IF(AND(tblJTL[[#This Row],[経過秒]]>='17_分析サンプル'!$E$11,tblJTL[[#This Row],[経過秒]]<'17_分析サンプル'!$E$12),1,0) -> 1
... B1186: 1790816702336 | C1186: 187 | D1186: A01_GET_items | E1186: 200 | F1186: OK | G1186: TG01_API 1-1 | H1186: text | I1186: TRUE | K1186: 1892 | L1186: 1342 | M1186: 10 | N1186: 10 | O1186: https://abcde12345.execute-api.ap-northeast-1.amazonaws.com/stg/items?limit=10 | P1186: 183 | Q1186: 0 | R1186: 0 | S1186: =tblJTL[[#This Row],[timeStamp]]/86400000+DATE(1970,1,1)+TIME(9,0,0) -> 46296.42 | T1186: =tblJTL[[#This Row],[timeStamp]]+tblJTL[[#This Row],[elapsed]] -> 1790816702523 | U1186: =(tblJTL[[#This Row],[timeStamp]]-'17_分析サンプル'!$E$18)/1000 -> 302.156 | V1186: =INT(tblJTL[[#This Row],[経過秒]]/60) -> 5 | W1186: =IF(OR(tblJTL[[#This Row],[success]]=FALSE,tblJTL[[#This Row],[success]]="false"),1,0) -> 0 | X1186: =IF(AND(tblJTL[[#This Row],[経過秒]]>='17_分析サンプル'!$E$11,tblJTL[[#This Row],[経過秒]]<'17_分析サンプル'!$E$12),1,0) -> 1
B1187: 1790816702997 | C1187: 54 | D1187: A02_POST_orders | E1187: 429 | F1187: Too Many Requests | G1187: TG01_API 1-5 | H1187: text | I1187: FALSE | J1187: Test failed: code expected to equal / ****** received : [[[429]]] ****** comparison: [[[201]]] / | K1187: 237 | L1187: 1478 | M1187: 10 | N1187: 10 | O1187: https://abcde12345.execute-api.ap-northeast-1.amazonaws.com/stg/orders | P1187: 50 | Q1187: 0 | R1187: 0 | S1187: =tblJTL[[#This Row],[timeStamp]]/86400000+DATE(1970,1,1)+TIME(9,0,0) -> 46296.42 | T1187: =tblJTL[[#This Row],[timeStamp]]+tblJTL[[#This Row],[elapsed]] -> 1790816703051 | U1187: =(tblJTL[[#This Row],[timeStamp]]-'17_分析サンプル'!$E$18)/1000 -> 302.817 | V1187: =INT(tblJTL[[#This Row],[経過秒]]/60) -> 5 | W1187: =IF(OR(tblJTL[[#This Row],[success]]=FALSE,tblJTL[[#This Row],[success]]="false"),1,0) -> 1 | X1187: =IF(AND(tblJTL[[#This Row],[経過秒]]>='17_分析サンプル'!$E$11,tblJTL[[#This Row],[経過秒]]<'17_分析サンプル'!$E$12),1,0) -> 1
B1188: 1790816702823 | C1188: 236 | D1188: A01_GET_items | E1188: 200 | F1188: OK | G1188: TG01_API 1-2 | H1188: text | I1188: TRUE | K1188: 1867 | L1188: 1342 | M1188: 10 | N1188: 10 | O1188: https://abcde12345.execute-api.ap-northeast-1.amazonaws.com/stg/items?limit=10 | P1188: 232 | Q1188: 0 | R1188: 0 | S1188: =tblJTL[[#This Row],[timeStamp]]/86400000+DATE(1970,1,1)+TIME(9,0,0) -> 46296.42 | T1188: =tblJTL[[#This Row],[timeStamp]]+tblJTL[[#This Row],[elapsed]] -> 1790816703059 | U1188: =(tblJTL[[#This Row],[timeStamp]]-'17_分析サンプル'!$E$18)/1000 -> 302.643 | V1188: =INT(tblJTL[[#This Row],[経過秒]]/60) -> 5 | W1188: =IF(OR(tblJTL[[#This Row],[success]]=FALSE,tblJTL[[#This Row],[success]]="false"),1,0) -> 0 | X1188: =IF(AND(tblJTL[[#This Row],[経過秒]]>='17_分析サンプル'!$E$11,tblJTL[[#This Row],[経過秒]]<'17_分析サンプル'!$E$12),1,0) -> 1
B1189: 1790816703059 | C1189: 81 | D1189: A02_POST_orders | E1189: 429 | F1189: Too Many Requests | G1189: TG01_API 1-10 | H1189: text | I1189: FALSE | J1189: Test failed: code expected to equal / ****** received : [[[429]]] ****** comparison: [[[201]]] / | K1189: 237 | L1189: 1478 | M1189: 10 | N1189: 10 | O1189: https://abcde12345.execute-api.ap-northeast-1.amazonaws.com/stg/orders | P1189: 78 | Q1189: 0 | R1189: 41 | S1189: =tblJTL[[#This Row],[timeStamp]]/86400000+DATE(1970,1,1)+TIME(9,0,0) -> 46296.42 | T1189: =tblJTL[[#This Row],[timeStamp]]+tblJTL[[#This Row],[elapsed]] -> 1790816703140 | U1189: =(tblJTL[[#This Row],[timeStamp]]-'17_分析サンプル'!$E$18)/1000 -> 302.879 | V1189: =INT(tblJTL[[#This Row],[経過秒]]/60) -> 5 | W1189: =IF(OR(tblJTL[[#This Row],[success]]=FALSE,tblJTL[[#This Row],[success]]="false"),1,0) -> 1 | X1189: =IF(AND(tblJTL[[#This Row],[経過秒]]>='17_分析サンプル'!$E$11,tblJTL[[#This Row],[経過秒]]<'17_分析サンプル'!$E$12),1,0) -> 1
B1190: 1790816700995 | C1190: 2234 | D1190: A02_POST_orders | E1190: 201 | F1190: Created | G1190: TG01_API 1-6 | H1190: text | I1190: TRUE | K1190: 412 | L1190: 1478 | M1190: 10 | N1190: 10 | O1190: https://abcde12345.execute-api.ap-northeast-1.amazonaws.com/stg/orders | P1190: 2228 | Q1190: 0 | R1190: 0 | S1190: =tblJTL[[#This Row],[timeStamp]]/86400000+DATE(1970,1,1)+TIME(9,0,0) -> 46296.42 | T1190: =tblJTL[[#This Row],[timeStamp]]+tblJTL[[#This Row],[elapsed]] -> 1790816703229 | U1190: =(tblJTL[[#This Row],[timeStamp]]-'17_分析サンプル'!$E$18)/1000 -> 300.815 | V1190: =INT(tblJTL[[#This Row],[経過秒]]/60) -> 5 | W1190: =IF(OR(tblJTL[[#This Row],[success]]=FALSE,tblJTL[[#This Row],[success]]="false"),1,0) -> 0 | X1190: =IF(AND(tblJTL[[#This Row],[経過秒]]>='17_分析サンプル'!$E$11,tblJTL[[#This Row],[経過秒]]<'17_分析サンプル'!$E$12),1,0) -> 1
B1191: 1790816701432 | C1191: 2191 | D1191: A02_POST_orders | E1191: 201 | F1191: Created | G1191: TG01_API 1-8 | H1191: text | I1191: TRUE | K1191: 417 | L1191: 1478 | M1191: 10 | N1191: 10 | O1191: https://abcde12345.execute-api.ap-northeast-1.amazonaws.com/stg/orders | P1191: 2187 | Q1191: 0 | R1191: 0 | S1191: =tblJTL[[#This Row],[timeStamp]]/86400000+DATE(1970,1,1)+TIME(9,0,0) -> 46296.42 | T1191: =tblJTL[[#This Row],[timeStamp]]+tblJTL[[#This Row],[elapsed]] -> 1790816703623 | U1191: =(tblJTL[[#This Row],[timeStamp]]-'17_分析サンプル'!$E$18)/1000 -> 301.252 | V1191: =INT(tblJTL[[#This Row],[経過秒]]/60) -> 5 | W1191: =IF(OR(tblJTL[[#This Row],[success]]=FALSE,tblJTL[[#This Row],[success]]="false"),1,0) -> 0 | X1191: =IF(AND(tblJTL[[#This Row],[経過秒]]>='17_分析サンプル'!$E$11,tblJTL[[#This Row],[経過秒]]<'17_分析サンプル'!$E$12),1,0) -> 1
B1192: 1790816704429 | C1192: 32 | D1192: A01_GET_items | E1192: 429 | F1192: Too Many Requests | G1192: TG01_API 1-10 | H1192: text | I1192: FALSE | J1192: Test failed: code expected to equal / ****** received : [[[429]]] ****** comparison: [[[200]]] / | K1192: 237 | L1192: 1342 | M1192: 10 | N1192: 10 | O1192: https://abcde12345.execute-api.ap-northeast-1.amazonaws.com/stg/items?limit=10 | P1192: 24 | Q1192: 0 | R1192: 0 | S1192: =tblJTL[[#This Row],[timeStamp]]/86400000+DATE(1970,1,1)+TIME(9,0,0) -> 46296.42 | T1192: =tblJTL[[#This Row],[timeStamp]]+tblJTL[[#This Row],[elapsed]] -> 1790816704461 | U1192: =(tblJTL[[#This Row],[timeStamp]]-'17_分析サンプル'!$E$18)/1000 -> 304.249 | V1192: =INT(tblJTL[[#This Row],[経過秒]]/60) -> 5 | W1192: =IF(OR(tblJTL[[#This Row],[success]]=FALSE,tblJTL[[#This Row],[success]]="false"),1,0) -> 1 | X1192: =IF(AND(tblJTL[[#This Row],[経過秒]]>='17_分析サンプル'!$E$11,tblJTL[[#This Row],[経過秒]]<'17_分析サンプル'!$E$12),1,0) -> 1
B1193: 1790816704343 | C1193: 211 | D1193: A01_GET_items | E1193: 200 | F1193: OK | G1193: TG01_API 1-5 | H1193: text | I1193: TRUE | K1193: 1862 | L1193: 1342 | M1193: 10 | N1193: 10 | O1193: https://abcde12345.execute-api.ap-northeast-1.amazonaws.com/stg/items?limit=10 | P1193: 207 | Q1193: 0 | R1193: 0 | S1193: =tblJTL[[#This Row],[timeStamp]]/86400000+DATE(1970,1,1)+TIME(9,0,0) -> 46296.42 | T1193: =tblJTL[[#This Row],[timeStamp]]+tblJTL[[#This Row],[elapsed]] -> 1790816704554 | U1193: =(tblJTL[[#This Row],[timeStamp]]-'17_分析サンプル'!$E$18)/1000 -> 304.163 | V1193: =INT(tblJTL[[#This Row],[経過秒]]/60) -> 5 | W1193: =IF(OR(tblJTL[[#This Row],[success]]=FALSE,tblJTL[[#This Row],[success]]="false"),1,0) -> 0 | X1193: =IF(AND(tblJTL[[#This Row],[経過秒]]>='17_分析サンプル'!$E$11,tblJTL[[#This Row],[経過秒]]<'17_分析サンプル'!$E$12),1,0) -> 1
B1194: 1790816705302 | C1194: 26 | D1194: A01_GET_items | E1194: 429 | F1194: Too Many Requests | G1194: TG01_API 1-6 | H1194: text | I1194: FALSE | J1194: Test failed: code expected to equal / ****** received : [[[429]]] ****** comparison: [[[200]]] / | K1194: 237 | L1194: 1342 | M1194: 10 | N1194: 10 | O1194: https://abcde12345.execute-api.ap-northeast-1.amazonaws.com/stg/items?limit=10 | P1194: 23 | Q1194: 0 | R1194: 0 | S1194: =tblJTL[[#This Row],[timeStamp]]/86400000+DATE(1970,1,1)+TIME(9,0,0) -> 46296.42 | T1194: =tblJTL[[#This Row],[timeStamp]]+tblJTL[[#This Row],[elapsed]] -> 1790816705328 | U1194: =(tblJTL[[#This Row],[timeStamp]]-'17_分析サンプル'!$E$18)/1000 -> 305.122 | V1194: =INT(tblJTL[[#This Row],[経過秒]]/60) -> 5 | W1194: =IF(OR(tblJTL[[#This Row],[success]]=FALSE,tblJTL[[#This Row],[success]]="false"),1,0) -> 1 | X1194: =IF(AND(tblJTL[[#This Row],[経過秒]]>='17_分析サンプル'!$E$11,tblJTL[[#This Row],[経過秒]]<'17_分析サンプル'!$E$12),1,0) -> 1
B1195: 1790816705146 | C1195: 346 | D1195: A01_GET_items | E1195: 200 | F1195: OK | G1195: TG01_API 1-9 | H1195: text | I1195: TRUE | K1195: 1892 | L1195: 1342 | M1195: 10 | N1195: 10 | O1195: https://abcde12345.execute-api.ap-northeast-1.amazonaws.com/stg/items?limit=10 | P1195: 344 | Q1195: 0 | R1195: 0 | S1195: =tblJTL[[#This Row],[timeStamp]]/86400000+DATE(1970,1,1)+TIME(9,0,0) -> 46296.42 | T1195: =tblJTL[[#This Row],[timeStamp]]+tblJTL[[#This Row],[elapsed]] -> 1790816705492 | U1195: =(tblJTL[[#This Row],[timeStamp]]-'17_分析サンプル'!$E$18)/1000 -> 304.966 | V1195: =INT(tblJTL[[#This Row],[経過秒]]/60) -> 5 | W1195: =IF(OR(tblJTL[[#This Row],[success]]=FALSE,tblJTL[[#This Row],[success]]="false"),1,0) -> 0 | X1195: =IF(AND(tblJTL[[#This Row],[経過秒]]>='17_分析サンプル'!$E$11,tblJTL[[#This Row],[経過秒]]<'17_分析サンプル'!$E$12),1,0) -> 1
B1196: 1790816705596 | C1196: 231 | D1196: A01_GET_items | E1196: 200 | F1196: OK | G1196: TG01_API 1-8 | H1196: text | I1196: TRUE | K1196: 1853 | L1196: 1342 | M1196: 10 | N1196: 10 | O1196: https://abcde12345.execute-api.ap-northeast-1.amazonaws.com/stg/items?limit=10 | P1196: 225 | Q1196: 0 | R1196: 0 | S1196: =tblJTL[[#This Row],[timeStamp]]/86400000+DATE(1970,1,1)+TIME(9,0,0) -> 46296.42 | T1196: =tblJTL[[#This Row],[timeStamp]]+tblJTL[[#This Row],[elapsed]] -> 1790816705827 | U1196: =(tblJTL[[#This Row],[timeStamp]]-'17_分析サンプル'!$E$18)/1000 -> 305.416 | V1196: =INT(tblJTL[[#This Row],[経過秒]]/60) -> 5 | W1196: =IF(OR(tblJTL[[#This Row],[success]]=FALSE,tblJTL[[#This Row],[success]]="false"),1,0) -> 0 | X1196: =IF(AND(tblJTL[[#This Row],[経過秒]]>='17_分析サンプル'!$E$11,tblJTL[[#This Row],[経過秒]]<'17_分析サンプル'!$E$12),1,0) -> 1
B1197: 1790816704385 | C1197: 1976 | D1197: A02_POST_orders | E1197: 201 | F1197: Created | G1197: TG01_API 1-4 | H1197: text | I1197: TRUE | K1197: 423 | L1197: 1478 | M1197: 10 | N1197: 10 | O1197: https://abcde12345.execute-api.ap-northeast-1.amazonaws.com/stg/orders | P1197: 1974 | Q1197: 0 | R1197: 0 | S1197: =tblJTL[[#This Row],[timeStamp]]/86400000+DATE(1970,1,1)+TIME(9,0,0) -> 46296.42 | T1197: =tblJTL[[#This Row],[timeStamp]]+tblJTL[[#This Row],[elapsed]] -> 1790816706361 | U1197: =(tblJTL[[#This Row],[timeStamp]]-'17_分析サンプル'!$E$18)/1000 -> 304.205 | V1197: =INT(tblJTL[[#This Row],[経過秒]]/60) -> 5 | W1197: =IF(OR(tblJTL[[#This Row],[success]]=FALSE,tblJTL[[#This Row],[success]]="false"),1,0) -> 0 | X1197: =IF(AND(tblJTL[[#This Row],[経過秒]]>='17_分析サンプル'!$E$11,tblJTL[[#This Row],[経過秒]]<'17_分析サンプル'!$E$12),1,0) -> 1
B1198: 1790816705828 | C1198: 2104 | D1198: A02_POST_orders | E1198: 201 | F1198: Created | G1198: TG01_API 1-2 | H1198: text | I1198: TRUE | K1198: 438 | L1198: 1478 | M1198: 10 | N1198: 10 | O1198: https://abcde12345.execute-api.ap-northeast-1.amazonaws.com/stg/orders | P1198: 2099 | Q1198: 0 | R1198: 0 | S1198: =tblJTL[[#This Row],[timeStamp]]/86400000+DATE(1970,1,1)+TIME(9,0,0) -> 46296.42 | T1198: =tblJTL[[#This Row],[timeStamp]]+tblJTL[[#This Row],[elapsed]] -> 1790816707932 | U1198: =(tblJTL[[#This Row],[timeStamp]]-'17_分析サンプル'!$E$18)/1000 -> 305.648 | V1198: =INT(tblJTL[[#This Row],[経過秒]]/60) -> 5 | W1198: =IF(OR(tblJTL[[#This Row],[success]]=FALSE,tblJTL[[#This Row],[success]]="false"),1,0) -> 0 | X1198: =IF(AND(tblJTL[[#This Row],[経過秒]]>='17_分析サンプル'!$E$11,tblJTL[[#This Row],[経過秒]]<'17_分析サンプル'!$E$12),1,0) -> 1
B1199: 1790816707138 | C1199: 942 | D1199: A02_POST_orders | E1199: 201 | F1199: Created | G1199: TG01_API 1-9 | H1199: text | I1199: TRUE | K1199: 416 | L1199: 1478 | M1199: 10 | N1199: 10 | O1199: https://abcde12345.execute-api.ap-northeast-1.amazonaws.com/stg/orders | P1199: 936 | Q1199: 0 | R1199: 0 | S1199: =tblJTL[[#This Row],[timeStamp]]/86400000+DATE(1970,1,1)+TIME(9,0,0) -> 46296.42 | T1199: =tblJTL[[#This Row],[timeStamp]]+tblJTL[[#This Row],[elapsed]] -> 1790816708080 | U1199: =(tblJTL[[#This Row],[timeStamp]]-'17_分析サンプル'!$E$18)/1000 -> 306.958 | V1199: =INT(tblJTL[[#This Row],[経過秒]]/60) -> 5 | W1199: =IF(OR(tblJTL[[#This Row],[success]]=FALSE,tblJTL[[#This Row],[success]]="false"),1,0) -> 0 | X1199: =IF(AND(tblJTL[[#This Row],[経過秒]]>='17_分析サンプル'!$E$11,tblJTL[[#This Row],[経過秒]]<'17_分析サンプル'!$E$12),1,0) -> 1
B1200: 1790816708359 | C1200: 212 | D1200: A01_GET_items | E1200: 200 | F1200: OK | G1200: TG01_API 1-4 | H1200: text | I1200: TRUE | K1200: 1865 | L1200: 1342 | M1200: 10 | N1200: 10 | O1200: https://abcde12345.execute-api.ap-northeast-1.amazonaws.com/stg/items?limit=10 | P1200: 204 | Q1200: 0 | R1200: 0 | S1200: =tblJTL[[#This Row],[timeStamp]]/86400000+DATE(1970,1,1)+TIME(9,0,0) -> 46296.42 | T1200: =tblJTL[[#This Row],[timeStamp]]+tblJTL[[#This Row],[elapsed]] -> 1790816708571 | U1200: =(tblJTL[[#This Row],[timeStamp]]-'17_分析サンプル'!$E$18)/1000 -> 308.179 | V1200: =INT(tblJTL[[#This Row],[経過秒]]/60) -> 5 | W1200: =IF(OR(tblJTL[[#This Row],[success]]=FALSE,tblJTL[[#This Row],[success]]="false"),1,0) -> 0 | X1200: =IF(AND(tblJTL[[#This Row],[経過秒]]>='17_分析サンプル'!$E$11,tblJTL[[#This Row],[経過秒]]<'17_分析サンプル'!$E$12),1,0) -> 1
B1201: 1790816707485 | C1201: 1159 | D1201: A02_POST_orders | E1201: 201 | F1201: Created | G1201: TG01_API 1-6 | H1201: text | I1201: TRUE | K1201: 433 | L1201: 1478 | M1201: 10 | N1201: 10 | O1201: https://abcde12345.execute-api.ap-northeast-1.amazonaws.com/stg/orders | P1201: 1156 | Q1201: 0 | R1201: 0 | S1201: =tblJTL[[#This Row],[timeStamp]]/86400000+DATE(1970,1,1)+TIME(9,0,0) -> 46296.42 | T1201: =tblJTL[[#This Row],[timeStamp]]+tblJTL[[#This Row],[elapsed]] -> 1790816708644 | U1201: =(tblJTL[[#This Row],[timeStamp]]-'17_分析サンプル'!$E$18)/1000 -> 307.305 | V1201: =INT(tblJTL[[#This Row],[経過秒]]/60) -> 5 | W1201: =IF(OR(tblJTL[[#This Row],[success]]=FALSE,tblJTL[[#This Row],[success]]="false"),1,0) -> 0 | X1201: =IF(AND(tblJTL[[#This Row],[経過秒]]>='17_分析サンプル'!$E$11,tblJTL[[#This Row],[経過秒]]<'17_分析サンプル'!$E$12),1,0) -> 1
B1202: 1790816706904 | C1202: 2223 | D1202: A02_POST_orders | E1202: 201 | F1202: Created | G1202: TG01_API 1-10 | H1202: text | I1202: TRUE | K1202: 421 | L1202: 1478 | M1202: 10 | N1202: 10 | O1202: https://abcde12345.execute-api.ap-northeast-1.amazonaws.com/stg/orders | P1202: 2215 | Q1202: 0 | R1202: 0 | S1202: =tblJTL[[#This Row],[timeStamp]]/86400000+DATE(1970,1,1)+TIME(9,0,0) -> 46296.42 | T1202: =tblJTL[[#This Row],[timeStamp]]+tblJTL[[#This Row],[elapsed]] -> 1790816709127 | U1202: =(tblJTL[[#This Row],[timeStamp]]-'17_分析サンプル'!$E$18)/1000 -> 306.724 | V1202: =INT(tblJTL[[#This Row],[経過秒]]/60) -> 5 | W1202: =IF(OR(tblJTL[[#This Row],[success]]=FALSE,tblJTL[[#This Row],[success]]="false"),1,0) -> 0 | X1202: =IF(AND(tblJTL[[#This Row],[経過秒]]>='17_分析サンプル'!$E$11,tblJTL[[#This Row],[経過秒]]<'17_分析サンプル'!$E$12),1,0) -> 1
B1203: 1790816708979 | C1203: 331 | D1203: A01_GET_items | E1203: 200 | F1203: OK | G1203: TG01_API 1-2 | H1203: text | I1203: TRUE | K1203: 1820 | L1203: 1342 | M1203: 10 | N1203: 10 | O1203: https://abcde12345.execute-api.ap-northeast-1.amazonaws.com/stg/items?limit=10 | P1203: 326 | Q1203: 0 | R1203: 0 | S1203: =tblJTL[[#This Row],[timeStamp]]/86400000+DATE(1970,1,1)+TIME(9,0,0) -> 46296.42 | T1203: =tblJTL[[#This Row],[timeStamp]]+tblJTL[[#This Row],[elapsed]] -> 1790816709310 | U1203: =(tblJTL[[#This Row],[timeStamp]]-'17_分析サンプル'!$E$18)/1000 -> 308.799 | V1203: =INT(tblJTL[[#This Row],[経過秒]]/60) -> 5 | W1203: =IF(OR(tblJTL[[#This Row],[success]]=FALSE,tblJTL[[#This Row],[success]]="false"),1,0) -> 0 | X1203: =IF(AND(tblJTL[[#This Row],[経過秒]]>='17_分析サンプル'!$E$11,tblJTL[[#This Row],[経過秒]]<'17_分析サンプル'!$E$12),1,0) -> 1
B1204: 1790816705464 | C1204: 4012 | D1204: A02_POST_orders | E1204: 201 | F1204: Created | G1204: TG01_API 1-1 | H1204: text | I1204: TRUE | K1204: 431 | L1204: 1478 | M1204: 10 | N1204: 10 | O1204: https://abcde12345.execute-api.ap-northeast-1.amazonaws.com/stg/orders | P1204: 4010 | Q1204: 0 | R1204: 43 | S1204: =tblJTL[[#This Row],[timeStamp]]/86400000+DATE(1970,1,1)+TIME(9,0,0) -> 46296.42 | T1204: =tblJTL[[#This Row],[timeStamp]]+tblJTL[[#This Row],[elapsed]] -> 1790816709476 | U1204: =(tblJTL[[#This Row],[timeStamp]]-'17_分析サンプル'!$E$18)/1000 -> 305.284 | V1204: =INT(tblJTL[[#This Row],[経過秒]]/60) -> 5 | W1204: =IF(OR(tblJTL[[#This Row],[success]]=FALSE,tblJTL[[#This Row],[success]]="false"),1,0) -> 0 | X1204: =IF(AND(tblJTL[[#This Row],[経過秒]]>='17_分析サンプル'!$E$11,tblJTL[[#This Row],[経過秒]]<'17_分析サンプル'!$E$12),1,0) -> 1
B1205: 1790816708696 | C1205: 985 | D1205: A02_POST_orders | E1205: 201 | F1205: Created | G1205: TG01_API 1-8 | H1205: text | I1205: TRUE | K1205: 438 | L1205: 1478 | M1205: 10 | N1205: 10 | O1205: https://abcde12345.execute-api.ap-northeast-1.amazonaws.com/stg/orders | P1205: 977 | Q1205: 0 | R1205: 0 | S1205: =tblJTL[[#This Row],[timeStamp]]/86400000+DATE(1970,1,1)+TIME(9,0,0) -> 46296.42 | T1205: =tblJTL[[#This Row],[timeStamp]]+tblJTL[[#This Row],[elapsed]] -> 1790816709681 | U1205: =(tblJTL[[#This Row],[timeStamp]]-'17_分析サンプル'!$E$18)/1000 -> 308.516 | V1205: =INT(tblJTL[[#This Row],[経過秒]]/60) -> 5 | W1205: =IF(OR(tblJTL[[#This Row],[success]]=FALSE,tblJTL[[#This Row],[success]]="false"),1,0) -> 0 | X1205: =IF(AND(tblJTL[[#This Row],[経過秒]]>='17_分析サンプル'!$E$11,tblJTL[[#This Row],[経過秒]]<'17_分析サンプル'!$E$12),1,0) -> 1
B1206: 1790816706400 | C1206: 3642 | D1206: A02_POST_orders | E1206: 201 | F1206: Created | G1206: TG01_API 1-5 | H1206: text | I1206: TRUE | K1206: 431 | L1206: 1478 | M1206: 10 | N1206: 10 | O1206: https://abcde12345.execute-api.ap-northeast-1.amazonaws.com/stg/orders | P1206: 3635 | Q1206: 0 | R1206: 0 | S1206: =tblJTL[[#This Row],[timeStamp]]/86400000+DATE(1970,1,1)+TIME(9,0,0) -> 46296.42 | T1206: =tblJTL[[#This Row],[timeStamp]]+tblJTL[[#This Row],[elapsed]] -> 1790816710042 | U1206: =(tblJTL[[#This Row],[timeStamp]]-'17_分析サンプル'!$E$18)/1000 -> 306.22 | V1206: =INT(tblJTL[[#This Row],[経過秒]]/60) -> 5 | W1206: =IF(OR(tblJTL[[#This Row],[success]]=FALSE,tblJTL[[#This Row],[success]]="false"),1,0) -> 0 | X1206: =IF(AND(tblJTL[[#This Row],[経過秒]]>='17_分析サンプル'!$E$11,tblJTL[[#This Row],[経過秒]]<'17_分析サンプル'!$E$12),1,0) -> 1
... B1225: 1790816716190 | C1225: 471 | D1225: A01_GET_items | E1225: 200 | F1225: OK | G1225: TG01_API 1-6 | H1225: text | I1225: TRUE | K1225: 1868 | L1225: 1342 | M1225: 10 | N1225: 10 | O1225: https://abcde12345.execute-api.ap-northeast-1.amazonaws.com/stg/items?limit=10 | P1225: 468 | Q1225: 0 | R1225: 0 | S1225: =tblJTL[[#This Row],[timeStamp]]/86400000+DATE(1970,1,1)+TIME(9,0,0) -> 46296.42 | T1225: =tblJTL[[#This Row],[timeStamp]]+tblJTL[[#This Row],[elapsed]] -> 1790816716661 | U1225: =(tblJTL[[#This Row],[timeStamp]]-'17_分析サンプル'!$E$18)/1000 -> 316.01 | V1225: =INT(tblJTL[[#This Row],[経過秒]]/60) -> 5 | W1225: =IF(OR(tblJTL[[#This Row],[success]]=FALSE,tblJTL[[#This Row],[success]]="false"),1,0) -> 0 | X1225: =IF(AND(tblJTL[[#This Row],[経過秒]]>='17_分析サンプル'!$E$11,tblJTL[[#This Row],[経過秒]]<'17_分析サンプル'!$E$12),1,0) -> 1
B1226: 1790816716948 | C1226: 40 | D1226: A01_GET_items | E1226: 429 | F1226: Too Many Requests | G1226: TG01_API 1-5 | H1226: text | I1226: FALSE | J1226: Test failed: code expected to equal / ****** received : [[[429]]] ****** comparison: [[[200]]] / | K1226: 237 | L1226: 1342 | M1226: 10 | N1226: 10 | O1226: https://abcde12345.execute-api.ap-northeast-1.amazonaws.com/stg/items?limit=10 | P1226: 38 | Q1226: 0 | R1226: 0 | S1226: =tblJTL[[#This Row],[timeStamp]]/86400000+DATE(1970,1,1)+TIME(9,0,0) -> 46296.42 | T1226: =tblJTL[[#This Row],[timeStamp]]+tblJTL[[#This Row],[elapsed]] -> 1790816716988 | U1226: =(tblJTL[[#This Row],[timeStamp]]-'17_分析サンプル'!$E$18)/1000 -> 316.768 | V1226: =INT(tblJTL[[#This Row],[経過秒]]/60) -> 5 | W1226: =IF(OR(tblJTL[[#This Row],[success]]=FALSE,tblJTL[[#This Row],[success]]="false"),1,0) -> 1 | X1226: =IF(AND(tblJTL[[#This Row],[経過秒]]>='17_分析サンプル'!$E$11,tblJTL[[#This Row],[経過秒]]<'17_分析サンプル'!$E$12),1,0) -> 1
B1227: 1790816715510 | C1227: 1737 | D1227: A02_POST_orders | E1227: 201 | F1227: Created | G1227: TG01_API 1-4 | H1227: text | I1227: TRUE | K1227: 414 | L1227: 1478 | M1227: 10 | N1227: 10 | O1227: https://abcde12345.execute-api.ap-northeast-1.amazonaws.com/stg/orders | P1227: 1735 | Q1227: 0 | R1227: 0 | S1227: =tblJTL[[#This Row],[timeStamp]]/86400000+DATE(1970,1,1)+TIME(9,0,0) -> 46296.42 | T1227: =tblJTL[[#This Row],[timeStamp]]+tblJTL[[#This Row],[elapsed]] -> 1790816717247 | U1227: =(tblJTL[[#This Row],[timeStamp]]-'17_分析サンプル'!$E$18)/1000 -> 315.33 | V1227: =INT(tblJTL[[#This Row],[経過秒]]/60) -> 5 | W1227: =IF(OR(tblJTL[[#This Row],[success]]=FALSE,tblJTL[[#This Row],[success]]="false"),1,0) -> 0 | X1227: =IF(AND(tblJTL[[#This Row],[経過秒]]>='17_分析サンプル'!$E$11,tblJTL[[#This Row],[経過秒]]<'17_分析サンプル'!$E$12),1,0) -> 1
B1228: 1790816718000 | C1228: 203 | D1228: A01_GET_items | E1228: 200 | F1228: OK | G1228: TG01_API 1-8 | H1228: text | I1228: TRUE | K1228: 1891 | L1228: 1342 | M1228: 10 | N1228: 10 | O1228: https://abcde12345.execute-api.ap-northeast-1.amazonaws.com/stg/items?limit=10 | P1228: 199 | Q1228: 0 | R1228: 0 | S1228: =tblJTL[[#This Row],[timeStamp]]/86400000+DATE(1970,1,1)+TIME(9,0,0) -> 46296.42 | T1228: =tblJTL[[#This Row],[timeStamp]]+tblJTL[[#This Row],[elapsed]] -> 1790816718203 | U1228: =(tblJTL[[#This Row],[timeStamp]]-'17_分析サンプル'!$E$18)/1000 -> 317.82 | V1228: =INT(tblJTL[[#This Row],[経過秒]]/60) -> 5 | W1228: =IF(OR(tblJTL[[#This Row],[success]]=FALSE,tblJTL[[#This Row],[success]]="false"),1,0) -> 0 | X1228: =IF(AND(tblJTL[[#This Row],[経過秒]]>='17_分析サンプル'!$E$11,tblJTL[[#This Row],[経過秒]]<'17_分析サンプル'!$E$12),1,0) -> 1
...

Sheet 17_分析サンプル
B1: 17 分析サンプル（数式入りの完成例）
B2: 16_JTLサンプル（テーブル tblJTL）を、15 で説明した数式で集計した完成例です。白地・点線枠のセル（目標値）を変えると判定が再計算されます。表の数値はすべてダミーデータによる例です。 | N2: ▲ 目次へ戻る
B4: 1. 目標値と評価区間（入力欄：白地・点線枠のセルを書き換えてください）
B6: 項目 | E6: 設定値 | G6: 説明
B7: 95 パーセンタイル応答時間の上限（ms） | E7: 1000 | G7: 業務 API（A01・A02）ごとに、95% Line がこの値以下なら OK
B8: エラー率の上限（この値未満なら OK） | E8: 0.01 | G8: 1.0% 未満なら OK（例）
B9: スループットの下限（件/秒・業務 API 合計） | E9: 4 | G9: 業務 API 合計のスループットがこの値以上なら OK
B10: 集計から除外するラベル（トークン取得） | E10: T01_Cognito_Token | G10: setUp で1回だけ実行されるため、業務 API の合計と判定から除外
B11: 評価区間の開始（試験開始からの秒） | E11: 60 | G11: Ramp-up が終わる時刻を目安にします（00 の6章の見積り表の「評価区間」）。4章の統計と判定は、この区間のリクエストだけで計算します
B12: 評価区間の終了（試験開始からの秒） | E12: 540 | G12: 試験終了の 1 分前を目安にします。全区間で評価する場合は、開始＝0、終了＝99999 にします
B15: 2. 試験全体の情報
B17: 項目 | E17: 値 | G17: セルに入っている数式
B18: 試験開始（エポックミリ秒） | E18: =MIN(tblJTL[timeStamp]) -> 1790816400180 | G18: =MIN(tblJTL[timeStamp])
B19: 試験開始（日本時間） | E19: =E18/86400000+DATE(1970,1,1)+TIME(9,0,0) -> 46296.417 | G19: =E18/86400000+DATE(1970,1,1)+TIME(9,0,0)
B20: 試験終了（日本時間） | E20: =MAX(tblJTL[終了ms])/86400000+DATE(1970,1,1)+TIME(9,0,0) -> 46296.424 | G20: =MAX(tblJTL[終了ms])/86400000+DATE(1970,1,1)+TIME(9,0,0)
B21: 試験時間（秒） | E21: =(MAX(tblJTL[終了ms])-E18)/1000 -> 600.437 | G21: =(MAX(tblJTL[終了ms])-E18)/1000
B22: 総リクエスト数 | E22: =COUNTA(tblJTL[label]) -> 2477 | G22: =COUNTA(tblJTL[label])
B23: 総エラー数 | E23: =SUM(tblJTL[エラー]) -> 13 | G23: =SUM(tblJTL[エラー])
B24: 全体のエラー率 | E24: =IF(E22=0,0,E23/E22) -> 0.0052482842 | G24: =IF(E22=0,0,E23/E22)
B25: 最大スレッド数 | E25: =MAX(tblJTL[allThreads]) -> 10 | G25: =MAX(tblJTL[allThreads])
B26: 評価区間（日本時間） | E26: =TEXT(E19+MAX(0,$E$11)/86400,"hh:mm:ss")&" ～ "&TEXT(E19+MIN($E$12,E21)/86400,"hh:mm:ss") -> 10:01:00 ～ 10:09:00 | G26: =TEXT(E19+MAX(0,$E$11)/86400,"hh:mm:ss")&" ～ "&TEXT(E19+MIN($E$12,E21)/86400,"hh:mm:ss")
B27: 評価区間の長さ（秒） | E27: =MAX(0,MIN($E$12,E21)-MAX(0,$E$11)) -> 480 | G27: =MAX(0,MIN($E$12,E21)-MAX(0,$E$11))
B28: 評価区間のリクエスト数（全ラベル） | E28: =SUM(tblJTL[評価対象]) -> 2065 | G28: =SUM(tblJTL[評価対象])
B31: 3. API（ラベル）別の統計（全区間）
B33: ラベル | C33: サンプル数 | D33: 平均 (ms) | E33: 最小 (ms) | F33: 最大 (ms) | G33: 中央値 (ms) | H33: 90%tile (ms) | I33: 95%tile (ms) | J33: 99%tile (ms) | K33: エラー数 | L33: エラー率 | M33: スループット (件/秒) | N33: 判定 （参考）
B34: T01_Cognito_Token | C34: =COUNTIFS(tblJTL[label],$B34) -> 1 | D34: =AVERAGEIFS(tblJTL[elapsed],tblJTL[label],$B34) -> 186 | E34: =_xlfn.AGGREGATE(15,6,tblJTL[elapsed]/((tblJTL[label]=$B34)),1) -> 186 | F34: =_xlfn.AGGREGATE(14,6,tblJTL[elapsed]/((tblJTL[label]=$B34)),1) -> 186 | G34: =_xlfn.AGGREGATE(16,6,tblJTL[elapsed]/((tblJTL[label]=$B34)),0.5) -> 186 | H34: =_xlfn.AGGREGATE(16,6,tblJTL[elapsed]/((tblJTL[label]=$B34)),0.9) -> 186 | I34: =_xlfn.AGGREGATE(16,6,tblJTL[elapsed]/((tblJTL[label]=$B34)),0.95) -> 186 | J34: =_xlfn.AGGREGATE(16,6,tblJTL[elapsed]/((tblJTL[label]=$B34)),0.99) -> 186 | K34: =SUMIFS(tblJTL[エラー],tblJTL[label],$B34) -> 0 | L34: =IF(C34=0,0,K34/C34) -> 0 | M34: =IF(C34=0,0,C34/((_xlfn.AGGREGATE(14,6,tblJTL[終了ms]/((tblJTL[label]=$B34)),1)-_xlfn.AGGREGATE(15,6,tblJTL[timeStamp]/((tblJTL[label]=$B34)),1))/1000)) -> 5.3763441 | N34: =IF($B34=$E$10,"対象外",IF(AND(I34<=$E$7,L34<$E$8),"OK","NG")) -> 対象外
B35: A01_GET_items | C35: =COUNTIFS(tblJTL[label],$B35) -> 1240 | D35: =AVERAGEIFS(tblJTL[elapsed],tblJTL[label],$B35) -> 136.4621 | E35: =_xlfn.AGGREGATE(15,6,tblJTL[elapsed]/((tblJTL[label]=$B35)),1) -> 26 | F35: =_xlfn.AGGREGATE(14,6,tblJTL[elapsed]/((tblJTL[label]=$B35)),1) -> 796 | G35: =_xlfn.AGGREGATE(16,6,tblJTL[elapsed]/((tblJTL[label]=$B35)),0.5) -> 121 | H35: =_xlfn.AGGREGATE(16,6,tblJTL[elapsed]/((tblJTL[label]=$B35)),0.9) -> 201 | I35: =_xlfn.AGGREGATE(16,6,tblJTL[elapsed]/((tblJTL[label]=$B35)),0.95) -> 250 | J35: =_xlfn.AGGREGATE(16,6,tblJTL[elapsed]/((tblJTL[label]=$B35)),0.99) -> 376.44 | K35: =SUMIFS(tblJTL[エラー],tblJTL[label],$B35) -> 5 | L35: =IF(C35=0,0,K35/C35) -> 0.0040322581 | M35: =IF(C35=0,0,C35/((_xlfn.AGGREGATE(14,6,tblJTL[終了ms]/((tblJTL[label]=$B35)),1)-_xlfn.AGGREGATE(15,6,tblJTL[timeStamp]/((tblJTL[label]=$B35)),1))/1000)) -> 2.0724973 | N35: =IF($B35=$E$10,"対象外",IF(AND(I35<=$E$7,L35<$E$8),"OK","NG")) -> OK
B36: A02_POST_orders | C36: =COUNTIFS(tblJTL[label],$B36) -> 1236 | D36: =AVERAGEIFS(tblJTL[elapsed],tblJTL[label],$B36) -> 459.39563 | E36: =_xlfn.AGGREGATE(15,6,tblJTL[elapsed]/((tblJTL[label]=$B36)),1) -> 26 | F36: =_xlfn.AGGREGATE(14,6,tblJTL[elapsed]/((tblJTL[label]=$B36)),1) -> 29041 | G36: =_xlfn.AGGREGATE(16,6,tblJTL[elapsed]/((tblJTL[label]=$B36)),0.5) -> 250 | H36: =_xlfn.AGGREGATE(16,6,tblJTL[elapsed]/((tblJTL[label]=$B36)),0.9) -> 960 | I36: =_xlfn.AGGREGATE(16,6,tblJTL[elapsed]/((tblJTL[label]=$B36)),0.95) -> 1646.25 | J36: =_xlfn.AGGREGATE(16,6,tblJTL[elapsed]/((tblJTL[label]=$B36)),0.99) -> 2703.6 | K36: =SUMIFS(tblJTL[エラー],tblJTL[label],$B36) -> 8 | L36: =IF(C36=0,0,K36/C36) -> 0.0064724919 | M36: =IF(C36=0,0,C36/((_xlfn.AGGREGATE(14,6,tblJTL[終了ms]/((tblJTL[label]=$B36)),1)-_xlfn.AGGREGATE(15,6,tblJTL[timeStamp]/((tblJTL[label]=$B36)),1))/1000)) -> 2.0698594 | N36: =IF($B36=$E$10,"対象外",IF(AND(I36<=$E$7,L36<$E$8),"OK","NG")) -> NG
B37: 業務API合計（T01 除く） | C37: =COUNTIFS(tblJTL[label],"<>"&$E$10) -> 2476 | D37: =AVERAGEIFS(tblJTL[elapsed],tblJTL[label],"<>"&$E$10) -> 297.66801 | E37: =_xlfn.AGGREGATE(15,6,tblJTL[elapsed]/((tblJTL[label]<>$E$10)),1) -> 26 | F37: =_xlfn.AGGREGATE(14,6,tblJTL[elapsed]/((tblJTL[label]<>$E$10)),1) -> 29041 | G37: =_xlfn.AGGREGATE(16,6,tblJTL[elapsed]/((tblJTL[label]<>$E$10)),0.5) -> 177 | H37: =_xlfn.AGGREGATE(16,6,tblJTL[elapsed]/((tblJTL[label]<>$E$10)),0.9) -> 365 | I37: =_xlfn.AGGREGATE(16,6,tblJTL[elapsed]/((tblJTL[label]<>$E$10)),0.95) -> 955 | J37: =_xlfn.AGGREGATE(16,6,tblJTL[elapsed]/((tblJTL[label]<>$E$10)),0.99) -> 2237 | K37: =SUMIFS(tblJTL[エラー],tblJTL[label],"<>"&$E$10) -> 13 | L37: =IF(C37=0,0,K37/C37) -> 0.0052504039 | M37: =IF(C37=0,0,C37/((_xlfn.AGGREGATE(14,6,tblJTL[終了ms]/((tblJTL[label]<>$E$10)),1)-_xlfn.AGGREGATE(15,6,tblJTL[timeStamp]/((tblJTL[label]<>$E$10)),1))/1000)) -> 4.1366843 | N37: =IF(AND(I37<=$E$7,L37<$E$8,M37>=$E$9),"OK","NG") -> OK
B38: ※ 最小・最大・パーセンタイルは AGGREGATE 関数で計算しています（15 の4章）。スループットは「件数÷（そのラベルの最初の開始から最後の終了までの秒数）」で、JMeter の計算方法に合わせています。T01 は1件だけのため、スループットの値に意味はありません。この表は試験の全区間（Ramp-up 中と終了間際を含む）の値で、HTML レポートの Statistics とほぼ同じになります。判定は参考です。報告書の判定には 4章（評価区間）を使います。
B41: 4. API（ラベル）別の統計（評価区間：報告書の判定に使用）
B43: ラベル | C43: サンプル数 | D43: 平均 (ms) | E43: 最小 (ms) | F43: 最大 (ms) | G43: 中央値 (ms) | H43: 90%tile (ms) | I43: 95%tile (ms) | J43: 99%tile (ms) | K43: エラー数 | L43: エラー率 | M43: スループット (件/秒) | N43: 判定
B44: A01_GET_items | C44: =COUNTIFS(tblJTL[label],$B44,tblJTL[評価対象],1) -> 1032 | D44: =IF(C44=0,"―",AVERAGEIFS(tblJTL[elapsed],tblJTL[label],$B44,tblJTL[評価対象],1)) -> 139.21221 | E44: =IF(C44=0,"―",_xlfn.AGGREGATE(15,6,tblJTL[elapsed]/((tblJTL[label]=$B44)*(tblJTL[評価対象]=1)),1)) -> 26 | F44: =IF(C44=0,"―",_xlfn.AGGREGATE(14,6,tblJTL[elapsed]/((tblJTL[label]=$B44)*(tblJTL[評価対象]=1)),1)) -> 796 | G44: =IF(C44=0,"―",_xlfn.AGGREGATE(16,6,tblJTL[elapsed]/((tblJTL[label]=$B44)*(tblJTL[評価対象]=1)),0.5)) -> 122 | H44: =IF(C44=0,"―",_xlfn.AGGREGATE(16,6,tblJTL[elapsed]/((tblJTL[label]=$B44)*(tblJTL[評価対象]=1)),0.9)) -> 212.9 | I44: =IF(C44=0,"―",_xlfn.AGGREGATE(16,6,tblJTL[elapsed]/((tblJTL[label]=$B44)*(tblJTL[評価対象]=1)),0.95)) -> 268.45 | J44: =IF(C44=0,"―",_xlfn.AGGREGATE(16,6,tblJTL[elapsed]/((tblJTL[label]=$B44)*(tblJTL[評価対象]=1)),0.99)) -> 379.69 | K44: =SUMIFS(tblJTL[エラー],tblJTL[label],$B44,tblJTL[評価対象],1) -> 5 | L44: =IF(C44=0,0,K44/C44) -> 0.0048449612 | M44: =IF($E$27=0,0,C44/$E$27) -> 2.15 | N44: =IF(C44=0,"―",IF(AND(I44<=$E$7,L44<$E$8),"OK","NG")) -> OK
B45: A02_POST_orders | C45: =COUNTIFS(tblJTL[label],$B45,tblJTL[評価対象],1) -> 1033 | D45: =IF(C45=0,"―",AVERAGEIFS(tblJTL[elapsed],tblJTL[label],$B45,tblJTL[評価対象],1)) -> 496.35044 | E45: =IF(C45=0,"―",_xlfn.AGGREGATE(15,6,tblJTL[elapsed]/((tblJTL[label]=$B45)*(tblJTL[評価対象]=1)),1)) -> 26 | F45: =IF(C45=0,"―",_xlfn.AGGREGATE(14,6,tblJTL[elapsed]/((tblJTL[label]=$B45)*(tblJTL[評価対象]=1)),1)) -> 29041 | G45: =IF(C45=0,"―",_xlfn.AGGREGATE(16,6,tblJTL[elapsed]/((tblJTL[label]=$B45)*(tblJTL[評価対象]=1)),0.5)) -> 253 | H45: =IF(C45=0,"―",_xlfn.AGGREGATE(16,6,tblJTL[elapsed]/((tblJTL[label]=$B45)*(tblJTL[評価対象]=1)),0.9)) -> 1214 | I45: =IF(C45=0,"―",_xlfn.AGGREGATE(16,6,tblJTL[elapsed]/((tblJTL[label]=$B45)*(tblJTL[評価対象]=1)),0.95)) -> 1767.8 | J45: =IF(C45=0,"―",_xlfn.AGGREGATE(16,6,tblJTL[elapsed]/((tblJTL[label]=$B45)*(tblJTL[評価対象]=1)),0.99)) -> 2817.12 | K45: =SUMIFS(tblJTL[エラー],tblJTL[label],$B45,tblJTL[評価対象],1) -> 8 | L45: =IF(C45=0,0,K45/C45) -> 0.0077444337 | M45: =IF($E$27=0,0,C45/$E$27) -> 2.1520833 | N45: =IF(C45=0,"―",IF(AND(I45<=$E$7,L45<$E$8),"OK","NG")) -> NG
